video_name,method,threshold_percentage,frames_retained,reduction_percentage,continuity_score,average_motion_area
s_11.avi,Baseline,0.0%,12525,0.0,0.9999201596806387,1.0
s_11.avi,Baseline,0.5%,12525,0.0,0.9999201596806387,1.0
s_11.avi,Baseline,1.0%,12525,0.0,0.9999201596806387,1.0
s_11.avi,Baseline,2.0%,12525,0.0,0.9999201596806387,1.0
s_11.avi,Baseline,5.0%,12525,0.0,0.9999201596806387,1.0
s_11.avi,Baseline,10.0%,12525,0.0,0.9999201596806387,1.0
s_11.avi,FrameDifference,0.0%,12216,2.467065868263473,0.9954158480681073,0.044560484165518145
s_11.avi,FrameDifference,0.5%,12216,2.467065868263473,0.9954158480681073,0.044560484165518145
s_11.avi,FrameDifference,1.0%,11618,7.241516966067864,0.9929419865725598,0.04645090829409212
s_11.avi,FrameDifference,2.0%,9740,22.235528942115767,0.9798767967145791,0.05245197353410895
s_11.avi,FrameDifference,5.0%,4621,63.1057884231537,0.9456827526509414,0.07265112779596156
s_11.avi,FrameDifference,10.0%,364,97.0938123752495,0.6868131868131868,0.13162707355578446
s_11.avi,MOG2,0.0%,12525,0.0,0.9999201596806387,0.1303942742119927
s_11.avi,MOG2,0.5%,12525,0.0,0.9999201596806387,0.1303942742119927
s_11.avi,MOG2,1.0%,12525,0.0,0.9999201596806387,0.1303942742119927
s_11.avi,MOG2,2.0%,12525,0.0,0.9999201596806387,0.1303942742119927
s_11.avi,MOG2,5.0%,12384,1.125748502994012,0.9991925064599483,0.13135960042527997
s_11.avi,MOG2,10.0%,7638,39.017964071856284,0.9842890809112333,0.16462591655551773
s_11.avi,KNN,0.0%,12525,0.0,0.9999201596806387,0.1745244169646826
s_11.avi,KNN,0.5%,12525,0.0,0.9999201596806387,0.1745244169646826
s_11.avi,KNN,1.0%,12525,0.0,0.9999201596806387,0.1745244169646826
s_11.avi,KNN,2.0%,12525,0.0,0.9999201596806387,0.1745244169646826
s_11.avi,KNN,5.0%,12522,0.023952095808383235,0.9997604216578821,0.17455428974518822
s_11.avi,KNN,10.0%,10260,18.08383233532934,0.9933723196881091,0.19481537797220244
s_11.avi,GMM,0.0%,12466,0.47105788423153694,0.9993582544521097,0.04212923152711502
s_11.avi,GMM,0.5%,12466,0.47105788423153694,0.9993582544521097,0.04212923152711502
s_11.avi,GMM,1.0%,11939,4.6786427145708585,0.9972359494094983,0.04363334062953702
s_11.avi,GMM,2.0%,9296,25.780439121756487,0.9851549053356282,0.0516791586220254
s_11.avi,GMM,5.0%,3053,75.62475049900199,0.9590566655748444,0.09080388114377483
s_11.avi,GMM,10.0%,937,92.5189620758483,0.9573105656350054,0.14556713464773804
s_12.avi,Baseline,0.0%,12525,0.0,0.9999201596806387,1.0
s_12.avi,Baseline,0.5%,12525,0.0,0.9999201596806387,1.0
s_12.avi,Baseline,1.0%,12525,0.0,0.9999201596806387,1.0
s_12.avi,Baseline,2.0%,12525,0.0,0.9999201596806387,1.0
s_12.avi,Baseline,5.0%,12525,0.0,0.9999201596806387,1.0
s_12.avi,Baseline,10.0%,12525,0.0,0.9999201596806387,1.0
s_12.avi,FrameDifference,0.0%,12441,0.6706586826347305,0.9982316534040672,0.05289217205906311
s_12.avi,FrameDifference,0.5%,12441,0.6706586826347305,0.9982316534040672,0.05289217205906311
s_12.avi,FrameDifference,1.0%,12122,3.217564870259481,0.9948853324533905,0.05407705597117947
s_12.avi,FrameDifference,2.0%,10874,13.181636726546905,0.9910796395070811,0.05857023460730086
s_12.avi,FrameDifference,5.0%,6487,48.20758483033932,0.9687066440573454,0.07371311968220641
s_12.avi,FrameDifference,10.0%,521,95.84031936127745,0.8694817658349329,0.11135561828548203
s_12.avi,MOG2,0.0%,12525,0.0,0.9999201596806387,0.19287944666223086
s_12.avi,MOG2,0.5%,12525,0.0,0.9999201596806387,0.19287944666223086
s_12.avi,MOG2,1.0%,12525,0.0,0.9999201596806387,0.19287944666223086
s_12.avi,MOG2,2.0%,12525,0.0,0.9999201596806387,0.19287944666223086
s_12.avi,MOG2,5.0%,12477,0.38323353293413176,0.9998397050573055,0.19345790394951687
s_12.avi,MOG2,10.0%,11976,4.383233532934132,0.9982464929859719,0.19822624995361046
s_12.avi,KNN,0.0%,12525,0.0,0.9999201596806387,0.23482531482174304
s_12.avi,KNN,0.5%,12525,0.0,0.9999201596806387,0.23482531482174304
s_12.avi,KNN,1.0%,12525,0.0,0.9999201596806387,0.23482531482174304
s_12.avi,KNN,2.0%,12525,0.0,0.9999201596806387,0.23482531482174304
s_12.avi,KNN,5.0%,12517,0.06387225548902196,0.9998402173044659,0.2349444085037381
s_12.avi,KNN,10.0%,12235,2.315369261477046,0.9995913363302003,0.23867856154644895
s_12.avi,GMM,0.0%,12499,0.20758483033932137,0.9997599807984638,0.0380317213571531
s_12.avi,GMM,0.5%,12499,0.20758483033932137,0.9997599807984638,0.0380317213571531
s_12.avi,GMM,1.0%,12251,2.187624750499002,0.9985307321851278,0.03863063819832743
s_12.avi,GMM,2.0%,9985,20.27944111776447,0.9908863294942414,0.04380496069625277
s_12.avi,GMM,5.0%,2864,77.13373253493015,0.9710195530726257,0.069431973723134
s_12.avi,GMM,10.0%,185,98.52295409181637,0.9297297297297298,0.1254919059684685
s_15.avi,Baseline,0.0%,12525,0.0,0.9999201596806387,1.0
s_15.avi,Baseline,0.5%,12525,0.0,0.9999201596806387,1.0
s_15.avi,Baseline,1.0%,12525,0.0,0.9999201596806387,1.0
s_15.avi,Baseline,2.0%,12525,0.0,0.9999201596806387,1.0
s_15.avi,Baseline,5.0%,12525,0.0,0.9999201596806387,1.0
s_15.avi,Baseline,10.0%,12525,0.0,0.9999201596806387,1.0
s_15.avi,FrameDifference,0.0%,12486,0.31137724550898205,0.9991991029953547,0.06801276561693556
s_15.avi,FrameDifference,0.5%,12486,0.31137724550898205,0.9991991029953547,0.06801276561693556
s_15.avi,FrameDifference,1.0%,12308,1.7325349301397206,0.9980500487487812,0.06887867091652797
s_15.avi,FrameDifference,2.0%,11722,6.4111776447105795,0.9965023033612012,0.0715460292900992
s_15.avi,FrameDifference,5.0%,8726,30.3313373253493,0.9830391932156772,0.08379658014363217
s_15.avi,FrameDifference,10.0%,1958,84.36726546906188,0.9387129724208376,0.12079998989189647
s_15.avi,MOG2,0.0%,12525,0.0,0.9999201596806387,0.25773992189232686
s_15.avi,MOG2,0.5%,12525,0.0,0.9999201596806387,0.25773992189232686
s_15.avi,MOG2,1.0%,12525,0.0,0.9999201596806387,0.25773992189232686
s_15.avi,MOG2,2.0%,12525,0.0,0.9999201596806387,0.25773992189232686
s_15.avi,MOG2,5.0%,12525,0.0,0.9999201596806387,0.25773992189232686
s_15.avi,MOG2,10.0%,12300,1.7964071856287425,0.9989430894308943,0.2608342511432931
s_15.avi,KNN,0.0%,12525,0.0,0.9999201596806387,0.33800106271831437
s_15.avi,KNN,0.5%,12525,0.0,0.9999201596806387,0.33800106271831437
s_15.avi,KNN,1.0%,12525,0.0,0.9999201596806387,0.33800106271831437
s_15.avi,KNN,2.0%,12525,0.0,0.9999201596806387,0.33800106271831437
s_15.avi,KNN,5.0%,12525,0.0,0.9999201596806387,0.33800106271831437
s_15.avi,KNN,10.0%,12481,0.35129740518962077,0.9997596346446599,0.3388588189638538
s_15.avi,GMM,0.0%,12524,0.007984031936127746,0.9999201533056531,0.06000960482262951
s_15.avi,GMM,0.5%,12524,0.007984031936127746,0.9999201533056531,0.06000960482262951
s_15.avi,GMM,1.0%,12435,0.718562874251497,0.9995174909529554,0.06037836506779701
s_15.avi,GMM,2.0%,11591,7.457085828343313,0.9961176775084117,0.06360202989148674
s_15.avi,GMM,5.0%,6507,48.047904191616766,0.9854003380974335,0.08605910898706311
s_15.avi,GMM,10.0%,1632,86.97005988023953,0.9712009803921569,0.13139562336707658
s_18.avi,Baseline,0.0%,12525,0.0,0.9999201596806387,1.0
s_18.avi,Baseline,0.5%,12525,0.0,0.9999201596806387,1.0
s_18.avi,Baseline,1.0%,12525,0.0,0.9999201596806387,1.0
s_18.avi,Baseline,2.0%,12525,0.0,0.9999201596806387,1.0
s_18.avi,Baseline,5.0%,12525,0.0,0.9999201596806387,1.0
s_18.avi,Baseline,10.0%,12525,0.0,0.9999201596806387,1.0
s_18.avi,FrameDifference,0.0%,8602,31.32135728542914,0.9844222273889793,0.023196464348770617
s_18.avi,FrameDifference,0.5%,8602,31.32135728542914,0.9844222273889793,0.023196464348770617
s_18.avi,FrameDifference,1.0%,6863,45.20558882235529,0.9797464665598135,0.027170055093638176
s_18.avi,FrameDifference,2.0%,4376,65.06187624750498,0.9632084095063985,0.03417344934253123
s_18.avi,FrameDifference,5.0%,492,96.07185628742515,0.8943089430894309,0.05695652356100382
s_18.avi,FrameDifference,10.0%,1,99.99201596806387,0.0,0.24597005208333333
s_18.avi,MOG2,0.0%,12525,0.0,0.9999201596806387,0.07296018553171447
s_18.avi,MOG2,0.5%,12525,0.0,0.9999201596806387,0.07296018553171447
s_18.avi,MOG2,1.0%,12525,0.0,0.9999201596806387,0.07296018553171447
s_18.avi,MOG2,2.0%,11858,5.325349301397206,0.9972170686456401,0.07612372090278965
s_18.avi,MOG2,5.0%,7045,43.75249500998004,0.9850958126330731,0.10354030975228716
s_18.avi,MOG2,10.0%,2705,78.40319361277444,0.9674676524953789,0.15427374797828083
s_18.avi,KNN,0.0%,12525,0.0,0.9999201596806387,0.08833791176327925
s_18.avi,KNN,0.5%,12525,0.0,0.9999201596806387,0.08833791176327925
s_18.avi,KNN,1.0%,12525,0.0,0.9999201596806387,0.08833791176327925
s_18.avi,KNN,2.0%,12443,0.654690618762475,0.9995981676444587,0.08880477590660667
s_18.avi,KNN,5.0%,8945,28.582834331337324,0.9906092789267748,0.10879292605078915
s_18.avi,KNN,10.0%,3756,70.01197604790418,0.9755058572949947,0.16265380657152295
s_18.avi,GMM,0.0%,12301,1.7884231536926147,0.9990244695553208,0.03175930474614197
s_18.avi,GMM,0.5%,12301,1.7884231536926147,0.9990244695553208,0.03175930474614197
s_18.avi,GMM,1.0%,11008,12.11177644710579,0.9958212209302325,0.034562799813519486
s_18.avi,GMM,2.0%,7662,38.82634730538922,0.9849908640041765,0.04294726627643833
s_18.avi,GMM,5.0%,2000,84.03193612774452,0.962,0.07371864040798598
s_18.avi,GMM,10.0%,230,98.16367265469061,0.9652173913043478,0.1402527787213164
s_20.avi,Baseline,0.0%,17175,0.0,0.9999417758369723,1.0
s_20.avi,Baseline,0.5%,17175,0.0,0.9999417758369723,1.0
s_20.avi,Baseline,1.0%,17175,0.0,0.9999417758369723,1.0
s_20.avi,Baseline,2.0%,17175,0.0,0.9999417758369723,1.0
s_20.avi,Baseline,5.0%,17175,0.0,0.9999417758369723,1.0
s_20.avi,Baseline,10.0%,17175,0.0,0.9999417758369723,1.0
s_20.avi,FrameDifference,0.0%,5592,67.4410480349345,0.9753218884120172,0.032763930529787044
s_20.avi,FrameDifference,0.5%,5592,67.4410480349345,0.9753218884120172,0.032763930529787044
s_20.avi,FrameDifference,1.0%,4181,75.65647743813683,0.9789524037311648,0.04131741107465315
s_20.avi,FrameDifference,2.0%,2813,83.62154294032024,0.9818698897973693,0.05447243483874473
s_20.avi,FrameDifference,5.0%,1111,93.53129548762736,0.963996399639964,0.08834565585464801
s_20.avi,FrameDifference,10.0%,269,98.43377001455605,0.9702602230483272,0.15350551247547492
s_20.avi,MOG2,0.0%,13212,23.074235807860262,0.9969724492885256,0.08237151174647626
s_20.avi,MOG2,0.5%,13212,23.074235807860262,0.9969724492885256,0.08237151174647626
s_20.avi,MOG2,1.0%,11357,33.87481804949054,0.9970943030729946,0.09461539920389882
s_20.avi,MOG2,2.0%,8968,47.78457059679767,0.9940900981266726,0.1158097951425667
s_20.avi,MOG2,5.0%,4480,73.9155749636099,0.9890625,0.20054238213433162
s_20.avi,MOG2,10.0%,2307,86.56768558951966,0.9839618552232337,0.32191917977592355
s_20.avi,KNN,0.0%,14951,12.949053857350801,0.9970570530399304,0.06828627081394138
s_20.avi,KNN,0.5%,14951,12.949053857350801,0.9970570530399304,0.06828627081394138
s_20.avi,KNN,1.0%,11717,31.778748180494905,0.9970128872578305,0.08510899229470115
s_20.avi,KNN,2.0%,9024,47.45851528384279,0.9947916666666666,0.10608040968201318
s_20.avi,KNN,5.0%,3994,76.74526928675401,0.9874812218327491,0.20085620672762605
s_20.avi,KNN,10.0%,1847,89.24599708879185,0.9853817000541418,0.35297224372386904
s_20.avi,GMM,0.0%,10765,37.3216885007278,0.9960984672549931,0.04341694536773625
s_20.avi,GMM,0.5%,10765,37.3216885007278,0.9960984672549931,0.04341694536773625
s_20.avi,GMM,1.0%,8740,49.11208151382824,0.9938215102974829,0.051716398726520785
s_20.avi,GMM,2.0%,5461,68.2037845705968,0.9891961179271196,0.07396489143662643
s_20.avi,GMM,5.0%,2143,87.52256186317322,0.9827344843677088,0.14025347890580464
s_20.avi,GMM,10.0%,876,94.8995633187773,0.978310502283105,0.24305455347658236
s_23.avi,Baseline,0.0%,7450,0.0,0.9998657718120806,1.0
s_23.avi,Baseline,0.5%,7450,0.0,0.9998657718120806,1.0
s_23.avi,Baseline,1.0%,7450,0.0,0.9998657718120806,1.0
s_23.avi,Baseline,2.0%,7450,0.0,0.9998657718120806,1.0
s_23.avi,Baseline,5.0%,7450,0.0,0.9998657718120806,1.0
s_23.avi,Baseline,10.0%,7450,0.0,0.9998657718120806,1.0
s_23.avi,FrameDifference,0.0%,7327,1.651006711409396,0.9994540739729767,0.07846320829531665
s_23.avi,FrameDifference,0.5%,7224,3.033557046979866,0.9977851605758582,0.0795257315934199
s_23.avi,FrameDifference,1.0%,7064,5.181208053691275,0.9987259343148358,0.08116012410889699
s_23.avi,FrameDifference,2.0%,6692,10.174496644295301,0.9976090854751942,0.08482919492156675
s_23.avi,FrameDifference,5.0%,5353,28.14765100671141,0.9886045208294414,0.09710167093262013
s_23.avi,FrameDifference,10.0%,2163,70.96644295302013,0.960702727693019,0.12814681576514095
s_23.avi,MOG2,0.0%,7450,0.0,0.9998657718120806,0.2284817488244664
s_23.avi,MOG2,0.5%,7450,0.0,0.9998657718120806,0.2284817488244664
s_23.avi,MOG2,1.0%,7450,0.0,0.9998657718120806,0.2284817488244664
s_23.avi,MOG2,2.0%,7450,0.0,0.9998657718120806,0.2284817488244664
s_23.avi,MOG2,5.0%,7450,0.0,0.9998657718120806,0.2284817488244664
s_23.avi,MOG2,10.0%,6511,12.604026845637584,0.9955459990784825,0.24992111188318897
s_23.avi,KNN,0.0%,7450,0.0,0.9998657718120806,0.2710451264603535
s_23.avi,KNN,0.5%,7450,0.0,0.9998657718120806,0.2710451264603535
s_23.avi,KNN,1.0%,7450,0.0,0.9998657718120806,0.2710451264603535
s_23.avi,KNN,2.0%,7450,0.0,0.9998657718120806,0.2710451264603535
s_23.avi,KNN,5.0%,7450,0.0,0.9998657718120806,0.2710451264603535
s_23.avi,KNN,10.0%,6810,8.590604026845638,0.9977973568281938,0.2885530824682524
s_23.avi,GMM,0.0%,7449,0.013422818791946307,0.9998657537924553,0.061874831674315435
s_23.avi,GMM,0.5%,7449,0.013422818791946307,0.9998657537924553,0.061874831674315435
s_23.avi,GMM,1.0%,7449,0.013422818791946307,0.9998657537924553,0.061874831674315435
s_23.avi,GMM,2.0%,6658,10.630872483221477,0.9966957044157405,0.06734762721920447
s_23.avi,GMM,5.0%,4116,44.75167785234899,0.9878522837706512,0.08707714266124218
s_23.avi,GMM,10.0%,906,87.83892617449665,0.9701986754966887,0.14894915615291063
s_24.avi,Baseline,0.0%,12850,0.0,0.9999221789883268,1.0
s_24.avi,Baseline,0.5%,12850,0.0,0.9999221789883268,1.0
s_24.avi,Baseline,1.0%,12850,0.0,0.9999221789883268,1.0
s_24.avi,Baseline,2.0%,12850,0.0,0.9999221789883268,1.0
s_24.avi,Baseline,5.0%,12850,0.0,0.9999221789883268,1.0
s_24.avi,Baseline,10.0%,12850,0.0,0.9999221789883268,1.0
s_24.avi,FrameDifference,0.0%,12847,0.023346303501945526,0.9998443216315093,0.08387462775632411
s_24.avi,FrameDifference,0.5%,12774,0.5914396887159533,0.9992954438703616,0.08432951610421793
s_24.avi,FrameDifference,1.0%,12454,3.0817120622568095,0.9984743857395214,0.08629600390083678
s_24.avi,FrameDifference,2.0%,11792,8.233463035019454,0.9975407055630936,0.09030633597780806
s_24.avi,FrameDifference,5.0%,9774,23.93774319066148,0.9920196439533456,0.10143152841999258
s_24.avi,FrameDifference,10.0%,4351,66.14007782101167,0.9731096299701218,0.1325965503708527
s_24.avi,MOG2,0.0%,12850,0.0,0.9999221789883268,0.2473657199119113
s_24.avi,MOG2,0.5%,12850,0.0,0.9999221789883268,0.2473657199119113
s_24.avi,MOG2,1.0%,12850,0.0,0.9999221789883268,0.2473657199119113
s_24.avi,MOG2,2.0%,12850,0.0,0.9999221789883268,0.2473657199119113
s_24.avi,MOG2,5.0%,12662,1.4630350194552528,0.9996051176749329,0.25046552181414095
s_24.avi,MOG2,10.0%,11500,10.505836575875486,0.9970434782608696,0.2677296355424722
s_24.avi,KNN,0.0%,12850,0.0,0.9999221789883268,0.2989539809710802
s_24.avi,KNN,0.5%,12850,0.0,0.9999221789883268,0.2989539809710802
s_24.avi,KNN,1.0%,12850,0.0,0.9999221789883268,0.2989539809710802
s_24.avi,KNN,2.0%,12850,0.0,0.9999221789883268,0.2989539809710802
s_24.avi,KNN,5.0%,12777,0.5680933852140078,0.9998434687328794,0.300409167191456
s_24.avi,KNN,10.0%,11743,8.6147859922179,0.9977859150131994,0.3196914090302536
s_24.avi,GMM,0.0%,12849,0.007782101167315175,0.9999221729317457,0.062446147729767594
s_24.avi,GMM,0.5%,12849,0.007782101167315175,0.9999221729317457,0.062446147729767594
s_24.avi,GMM,1.0%,12628,1.727626459143969,0.9993664871713652,0.06339996640420606
s_24.avi,GMM,2.0%,11764,8.45136186770428,0.9978748724923495,0.0669186182011005
s_24.avi,GMM,5.0%,7148,44.37354085603113,0.9874090654728596,0.08690881809888562
s_24.avi,GMM,10.0%,1754,86.35019455252917,0.9720638540478905,0.13814742201907107
1.mp4,Baseline,0.0%,599,0.0,0.998330550918197,1.0
1.mp4,Baseline,0.5%,599,0.0,0.998330550918197,1.0
1.mp4,Baseline,1.0%,599,0.0,0.998330550918197,1.0
1.mp4,Baseline,2.0%,599,0.0,0.998330550918197,1.0
1.mp4,Baseline,5.0%,599,0.0,0.998330550918197,1.0
1.mp4,Baseline,10.0%,599,0.0,0.998330550918197,1.0
1.mp4,FrameDifference,0.0%,113,81.13522537562604,0.5398230088495575,0.0823027286135693
1.mp4,FrameDifference,0.5%,113,81.13522537562604,0.5398230088495575,0.0823027286135693
1.mp4,FrameDifference,1.0%,113,81.13522537562604,0.5398230088495575,0.0823027286135693
1.mp4,FrameDifference,2.0%,113,81.13522537562604,0.5398230088495575,0.0823027286135693
1.mp4,FrameDifference,5.0%,66,88.98163606010017,0.7121212121212122,0.11531684027777779
1.mp4,FrameDifference,10.0%,30,94.99165275459099,0.7666666666666667,0.1621701388888889
1.mp4,MOG2,0.0%,599,0.0,0.998330550918197,0.23496876304257097
1.mp4,MOG2,0.5%,599,0.0,0.998330550918197,0.23496876304257097
1.mp4,MOG2,1.0%,599,0.0,0.998330550918197,0.23496876304257097
1.mp4,MOG2,2.0%,599,0.0,0.998330550918197,0.23496876304257097
1.mp4,MOG2,5.0%,595,0.667779632721202,0.9949579831932773,0.23635158438375356
1.mp4,MOG2,10.0%,458,23.53923205342237,0.9694323144104804,0.28070194042637076
1.mp4,KNN,0.0%,599,0.0,0.998330550918197,0.318120203232239
1.mp4,KNN,0.5%,599,0.0,0.998330550918197,0.318120203232239
1.mp4,KNN,1.0%,599,0.0,0.998330550918197,0.318120203232239
1.mp4,KNN,2.0%,599,0.0,0.998330550918197,0.318120203232239
1.mp4,KNN,5.0%,599,0.0,0.998330550918197,0.318120203232239
1.mp4,KNN,10.0%,599,0.0,0.998330550918197,0.318120203232239
1.mp4,GMM,0.0%,574,4.173622704507513,0.9965156794425087,0.13382321761275648
1.mp4,GMM,0.5%,574,4.173622704507513,0.9965156794425087,0.13382321761275648
1.mp4,GMM,1.0%,574,4.173622704507513,0.9965156794425087,0.13382321761275648
1.mp4,GMM,2.0%,574,4.173622704507513,0.9965156794425087,0.13382321761275648
1.mp4,GMM,5.0%,287,52.08681135225376,0.9930313588850174,0.23226267603077821
1.mp4,GMM,10.0%,125,79.13188647746243,0.968,0.425260763888889
10.mp4,Baseline,0.0%,241,0.0,0.995850622406639,1.0
10.mp4,Baseline,0.5%,241,0.0,0.995850622406639,1.0
10.mp4,Baseline,1.0%,241,0.0,0.995850622406639,1.0
10.mp4,Baseline,2.0%,241,0.0,0.995850622406639,1.0
10.mp4,Baseline,5.0%,241,0.0,0.995850622406639,1.0
10.mp4,Baseline,10.0%,241,0.0,0.995850622406639,1.0
10.mp4,FrameDifference,0.0%,240,0.4149377593360996,0.9958333333333333,0.1996097728587963
10.mp4,FrameDifference,0.5%,240,0.4149377593360996,0.9958333333333333,0.1996097728587963
10.mp4,FrameDifference,1.0%,240,0.4149377593360996,0.9958333333333333,0.1996097728587963
10.mp4,FrameDifference,2.0%,221,8.29875518672199,0.9728506787330317,0.21530412385306688
10.mp4,FrameDifference,5.0%,197,18.25726141078838,0.9543147208121827,0.23770698388148623
10.mp4,FrameDifference,10.0%,169,29.87551867219917,0.9230769230769231,0.2650075505424064
10.mp4,MOG2,0.0%,241,0.0,0.995850622406639,0.5554622080667931
10.mp4,MOG2,0.5%,241,0.0,0.995850622406639,0.5554622080667931
10.mp4,MOG2,1.0%,241,0.0,0.995850622406639,0.5554622080667931
10.mp4,MOG2,2.0%,241,0.0,0.995850622406639,0.5554622080667931
10.mp4,MOG2,5.0%,241,0.0,0.995850622406639,0.5554622080667931
10.mp4,MOG2,10.0%,241,0.0,0.995850622406639,0.5554622080667931
10.mp4,KNN,0.0%,241,0.0,0.995850622406639,0.7744824488891769
10.mp4,KNN,0.5%,241,0.0,0.995850622406639,0.7744824488891769
10.mp4,KNN,1.0%,241,0.0,0.995850622406639,0.7744824488891769
10.mp4,KNN,2.0%,241,0.0,0.995850622406639,0.7744824488891769
10.mp4,KNN,5.0%,241,0.0,0.995850622406639,0.7744824488891769
10.mp4,KNN,10.0%,241,0.0,0.995850622406639,0.7744824488891769
10.mp4,GMM,0.0%,240,0.4149377593360996,0.9958333333333333,0.07909034559461811
10.mp4,GMM,0.5%,240,0.4149377593360996,0.9958333333333333,0.07909034559461811
10.mp4,GMM,1.0%,240,0.4149377593360996,0.9958333333333333,0.07909034559461811
10.mp4,GMM,2.0%,203,15.767634854771783,0.9901477832512315,0.09034685875068424
10.mp4,GMM,5.0%,143,40.66390041493776,0.965034965034965,0.11226483585858588
10.mp4,GMM,10.0%,81,66.39004149377593,0.9506172839506173,0.14563441733110433
10_0.mp4,Baseline,0.0%,1100,0.0,0.9990909090909091,1.0
10_0.mp4,Baseline,0.5%,1100,0.0,0.9990909090909091,1.0
10_0.mp4,Baseline,1.0%,1100,0.0,0.9990909090909091,1.0
10_0.mp4,Baseline,2.0%,1100,0.0,0.9990909090909091,1.0
10_0.mp4,Baseline,5.0%,1100,0.0,0.9990909090909091,1.0
10_0.mp4,Baseline,10.0%,1100,0.0,0.9990909090909091,1.0
10_0.mp4,FrameDifference,0.0%,13,98.81818181818181,0.46153846153846156,0.08342548076923079
10_0.mp4,FrameDifference,0.5%,13,98.81818181818181,0.46153846153846156,0.08342548076923079
10_0.mp4,FrameDifference,1.0%,13,98.81818181818181,0.46153846153846156,0.08342548076923079
10_0.mp4,FrameDifference,2.0%,13,98.81818181818181,0.46153846153846156,0.08342548076923079
10_0.mp4,FrameDifference,5.0%,13,98.81818181818181,0.46153846153846156,0.08342548076923079
10_0.mp4,FrameDifference,10.0%,0,100.0,0.0,0.0
10_0.mp4,MOG2,0.0%,1040,5.454545454545454,0.9971153846153846,0.13228976362179476
10_0.mp4,MOG2,0.5%,1040,5.454545454545454,0.9971153846153846,0.13228976362179476
10_0.mp4,MOG2,1.0%,1040,5.454545454545454,0.9971153846153846,0.13228976362179476
10_0.mp4,MOG2,2.0%,1040,5.454545454545454,0.9971153846153846,0.13228976362179476
10_0.mp4,MOG2,5.0%,1040,5.454545454545454,0.9971153846153846,0.13228976362179476
10_0.mp4,MOG2,10.0%,765,30.454545454545457,0.9856209150326798,0.14841573052832244
10_0.mp4,KNN,0.0%,1100,0.0,0.9990909090909091,0.1674398674242427
10_0.mp4,KNN,0.5%,1100,0.0,0.9990909090909091,0.1674398674242427
10_0.mp4,KNN,1.0%,1100,0.0,0.9990909090909091,0.1674398674242427
10_0.mp4,KNN,2.0%,1100,0.0,0.9990909090909091,0.1674398674242427
10_0.mp4,KNN,5.0%,1100,0.0,0.9990909090909091,0.1674398674242427
10_0.mp4,KNN,10.0%,1031,6.2727272727272725,0.9961202715809894,0.17279901188166846
10_0.mp4,GMM,0.0%,339,69.18181818181817,0.9823008849557522,0.0900043786873156
10_0.mp4,GMM,0.5%,339,69.18181818181817,0.9823008849557522,0.0900043786873156
10_0.mp4,GMM,1.0%,339,69.18181818181817,0.9823008849557522,0.0900043786873156
10_0.mp4,GMM,2.0%,339,69.18181818181817,0.9823008849557522,0.0900043786873156
10_0.mp4,GMM,5.0%,339,69.18181818181817,0.9823008849557522,0.0900043786873156
10_0.mp4,GMM,10.0%,59,94.63636363636364,0.8983050847457628,0.10840969279661015
11.mp4,Baseline,0.0%,181,0.0,0.994475138121547,1.0
11.mp4,Baseline,0.5%,181,0.0,0.994475138121547,1.0
11.mp4,Baseline,1.0%,181,0.0,0.994475138121547,1.0
11.mp4,Baseline,2.0%,181,0.0,0.994475138121547,1.0
11.mp4,Baseline,5.0%,181,0.0,0.994475138121547,1.0
11.mp4,Baseline,10.0%,181,0.0,0.994475138121547,1.0
11.mp4,FrameDifference,0.0%,180,0.5524861878453038,0.9944444444444445,0.19203131028163578
11.mp4,FrameDifference,0.5%,180,0.5524861878453038,0.9944444444444445,0.19203131028163578
11.mp4,FrameDifference,1.0%,180,0.5524861878453038,0.9944444444444445,0.19203131028163578
11.mp4,FrameDifference,2.0%,179,1.1049723756906076,0.9888268156424581,0.19303058683465235
11.mp4,FrameDifference,5.0%,173,4.41988950276243,0.976878612716763,0.19841408633389532
11.mp4,FrameDifference,10.0%,151,16.574585635359114,0.9205298013245033,0.21600550726637233
11.mp4,MOG2,0.0%,181,0.0,0.994475138121547,0.44554139569904844
11.mp4,MOG2,0.5%,181,0.0,0.994475138121547,0.44554139569904844
11.mp4,MOG2,1.0%,181,0.0,0.994475138121547,0.44554139569904844
11.mp4,MOG2,2.0%,181,0.0,0.994475138121547,0.44554139569904844
11.mp4,MOG2,5.0%,181,0.0,0.994475138121547,0.44554139569904844
11.mp4,MOG2,10.0%,181,0.0,0.994475138121547,0.44554139569904844
11.mp4,KNN,0.0%,181,0.0,0.994475138121547,0.6716632795714396
11.mp4,KNN,0.5%,181,0.0,0.994475138121547,0.6716632795714396
11.mp4,KNN,1.0%,181,0.0,0.994475138121547,0.6716632795714396
11.mp4,KNN,2.0%,181,0.0,0.994475138121547,0.6716632795714396
11.mp4,KNN,5.0%,181,0.0,0.994475138121547,0.6716632795714396
11.mp4,KNN,10.0%,181,0.0,0.994475138121547,0.6716632795714396
11.mp4,GMM,0.0%,180,0.5524861878453038,0.9944444444444445,0.09623155984760803
11.mp4,GMM,0.5%,180,0.5524861878453038,0.9944444444444445,0.09623155984760803
11.mp4,GMM,1.0%,180,0.5524861878453038,0.9944444444444445,0.09623155984760803
11.mp4,GMM,2.0%,179,1.1049723756906076,0.994413407821229,0.09665932577785538
11.mp4,GMM,5.0%,151,16.574585635359114,0.9735099337748344,0.10715552997378584
11.mp4,GMM,10.0%,61,66.29834254143645,0.8852459016393442,0.15405293004326048
11_0.mp4,Baseline,0.0%,106,0.0,0.9905660377358491,1.0
11_0.mp4,Baseline,0.5%,106,0.0,0.9905660377358491,1.0
11_0.mp4,Baseline,1.0%,106,0.0,0.9905660377358491,1.0
11_0.mp4,Baseline,2.0%,106,0.0,0.9905660377358491,1.0
11_0.mp4,Baseline,5.0%,106,0.0,0.9905660377358491,1.0
11_0.mp4,Baseline,10.0%,106,0.0,0.9905660377358491,1.0
11_0.mp4,FrameDifference,0.0%,87,17.92452830188679,0.8275862068965517,0.05053848365744232
11_0.mp4,FrameDifference,0.5%,87,17.92452830188679,0.8275862068965517,0.05053848365744232
11_0.mp4,FrameDifference,1.0%,86,18.867924528301888,0.8255813953488372,0.051035020497172
11_0.mp4,FrameDifference,2.0%,77,27.358490566037734,0.7792207792207793,0.05505016438167531
11_0.mp4,FrameDifference,5.0%,33,68.86792452830188,0.5757575757575758,0.0813057262485692
11_0.mp4,FrameDifference,10.0%,7,93.39622641509435,0.42857142857142855,0.12010141531761809
11_0.mp4,MOG2,0.0%,106,0.0,0.9905660377358491,0.19893258374282607
11_0.mp4,MOG2,0.5%,106,0.0,0.9905660377358491,0.19893258374282607
11_0.mp4,MOG2,1.0%,106,0.0,0.9905660377358491,0.19893258374282607
11_0.mp4,MOG2,2.0%,105,0.9433962264150944,0.9809523809523809,0.20067785088411333
11_0.mp4,MOG2,5.0%,105,0.9433962264150944,0.9809523809523809,0.20067785088411333
11_0.mp4,MOG2,10.0%,96,9.433962264150944,0.9479166666666666,0.21161368018739415
11_0.mp4,KNN,0.0%,106,0.0,0.9905660377358491,0.22847709341435662
11_0.mp4,KNN,0.5%,106,0.0,0.9905660377358491,0.22847709341435662
11_0.mp4,KNN,1.0%,106,0.0,0.9905660377358491,0.22847709341435662
11_0.mp4,KNN,2.0%,106,0.0,0.9905660377358491,0.22847709341435662
11_0.mp4,KNN,5.0%,106,0.0,0.9905660377358491,0.22847709341435662
11_0.mp4,KNN,10.0%,106,0.0,0.9905660377358491,0.22847709341435662
11_0.mp4,GMM,0.0%,104,1.8867924528301887,0.9903846153846154,0.04283338430952745
11_0.mp4,GMM,0.5%,104,1.8867924528301887,0.9903846153846154,0.04283338430952745
11_0.mp4,GMM,1.0%,103,2.8301886792452833,0.9902912621359223,0.04315654079835979
11_0.mp4,GMM,2.0%,85,19.81132075471698,0.9764705882352941,0.048809902025753985
11_0.mp4,GMM,5.0%,33,68.86792452830188,0.9090909090909091,0.07304661090694889
11_0.mp4,GMM,10.0%,6,94.33962264150944,0.6666666666666666,0.1097298155511376
12.mp4,Baseline,0.0%,300,0.0,0.9966666666666667,1.0
12.mp4,Baseline,0.5%,300,0.0,0.9966666666666667,1.0
12.mp4,Baseline,1.0%,300,0.0,0.9966666666666667,1.0
12.mp4,Baseline,2.0%,300,0.0,0.9966666666666667,1.0
12.mp4,Baseline,5.0%,300,0.0,0.9966666666666667,1.0
12.mp4,Baseline,10.0%,300,0.0,0.9966666666666667,1.0
12.mp4,FrameDifference,0.0%,299,0.33333333333333337,0.9966555183946488,0.14220836672008544
12.mp4,FrameDifference,0.5%,299,0.33333333333333337,0.9966555183946488,0.14220836672008544
12.mp4,FrameDifference,1.0%,299,0.33333333333333337,0.9966555183946488,0.14220836672008544
12.mp4,FrameDifference,2.0%,288,4.0,0.9791666666666666,0.1470242648654514
12.mp4,FrameDifference,5.0%,247,17.666666666666668,0.9311740890688259,0.165786398588619
12.mp4,FrameDifference,10.0%,179,40.33333333333333,0.88268156424581,0.19936075467489137
12.mp4,MOG2,0.0%,300,0.0,0.9966666666666667,0.5977602683738426
12.mp4,MOG2,0.5%,300,0.0,0.9966666666666667,0.5977602683738426
12.mp4,MOG2,1.0%,300,0.0,0.9966666666666667,0.5977602683738426
12.mp4,MOG2,2.0%,300,0.0,0.9966666666666667,0.5977602683738426
12.mp4,MOG2,5.0%,300,0.0,0.9966666666666667,0.5977602683738426
12.mp4,MOG2,10.0%,300,0.0,0.9966666666666667,0.5977602683738426
12.mp4,KNN,0.0%,300,0.0,0.9966666666666667,0.801924482783565
12.mp4,KNN,0.5%,300,0.0,0.9966666666666667,0.801924482783565
12.mp4,KNN,1.0%,300,0.0,0.9966666666666667,0.801924482783565
12.mp4,KNN,2.0%,300,0.0,0.9966666666666667,0.801924482783565
12.mp4,KNN,5.0%,300,0.0,0.9966666666666667,0.801924482783565
12.mp4,KNN,10.0%,300,0.0,0.9966666666666667,0.801924482783565
12.mp4,GMM,0.0%,299,0.33333333333333337,0.9966555183946488,0.11492466569699941
12.mp4,GMM,0.5%,299,0.33333333333333337,0.9966555183946488,0.11492466569699941
12.mp4,GMM,1.0%,299,0.33333333333333337,0.9966555183946488,0.11492466569699941
12.mp4,GMM,2.0%,298,0.6666666666666667,0.9966442953020134,0.11524482880662769
12.mp4,GMM,5.0%,291,3.0,0.993127147766323,0.11694099906930139
12.mp4,GMM,10.0%,108,64.0,0.9537037037037037,0.19048342857831782
13_0.mp4,Baseline,0.0%,346,0.0,0.9971098265895953,1.0
13_0.mp4,Baseline,0.5%,346,0.0,0.9971098265895953,1.0
13_0.mp4,Baseline,1.0%,346,0.0,0.9971098265895953,1.0
13_0.mp4,Baseline,2.0%,346,0.0,0.9971098265895953,1.0
13_0.mp4,Baseline,5.0%,346,0.0,0.9971098265895953,1.0
13_0.mp4,Baseline,10.0%,346,0.0,0.9971098265895953,1.0
13_0.mp4,FrameDifference,0.0%,0,100.0,0.0,0.0
13_0.mp4,FrameDifference,0.5%,0,100.0,0.0,0.0
13_0.mp4,FrameDifference,1.0%,0,100.0,0.0,0.0
13_0.mp4,FrameDifference,2.0%,0,100.0,0.0,0.0
13_0.mp4,FrameDifference,5.0%,0,100.0,0.0,0.0
13_0.mp4,FrameDifference,10.0%,0,100.0,0.0,0.0
13_0.mp4,MOG2,0.0%,342,1.1560693641618496,0.9853801169590644,0.18730386836198235
13_0.mp4,MOG2,0.5%,342,1.1560693641618496,0.9853801169590644,0.18730386836198235
13_0.mp4,MOG2,1.0%,342,1.1560693641618496,0.9853801169590644,0.18730386836198235
13_0.mp4,MOG2,2.0%,342,1.1560693641618496,0.9853801169590644,0.18730386836198235
13_0.mp4,MOG2,5.0%,342,1.1560693641618496,0.9853801169590644,0.18730386836198235
13_0.mp4,MOG2,10.0%,317,8.38150289017341,0.9842271293375394,0.19577142182869703
13_0.mp4,KNN,0.0%,346,0.0,0.9971098265895953,0.18004036139027546
13_0.mp4,KNN,0.5%,346,0.0,0.9971098265895953,0.18004036139027546
13_0.mp4,KNN,1.0%,346,0.0,0.9971098265895953,0.18004036139027546
13_0.mp4,KNN,2.0%,346,0.0,0.9971098265895953,0.18004036139027546
13_0.mp4,KNN,5.0%,346,0.0,0.9971098265895953,0.18004036139027546
13_0.mp4,KNN,10.0%,345,0.2890173410404624,0.9942028985507246,0.180286818593544
13_0.mp4,GMM,0.0%,56,83.8150289017341,0.9821428571428571,0.06019088062545092
13_0.mp4,GMM,0.5%,56,83.8150289017341,0.9821428571428571,0.06019088062545092
13_0.mp4,GMM,1.0%,56,83.8150289017341,0.9821428571428571,0.06019088062545092
13_0.mp4,GMM,2.0%,56,83.8150289017341,0.9821428571428571,0.06019088062545092
13_0.mp4,GMM,5.0%,52,84.97109826589595,0.9230769230769231,0.06099645796911422
13_0.mp4,GMM,10.0%,0,100.0,0.0,0.0
14.mp4,Baseline,0.0%,232,0.0,0.9956896551724138,1.0
14.mp4,Baseline,0.5%,232,0.0,0.9956896551724138,1.0
14.mp4,Baseline,1.0%,232,0.0,0.9956896551724138,1.0
14.mp4,Baseline,2.0%,232,0.0,0.9956896551724138,1.0
14.mp4,Baseline,5.0%,232,0.0,0.9956896551724138,1.0
14.mp4,Baseline,10.0%,232,0.0,0.9956896551724138,1.0
14.mp4,FrameDifference,0.0%,135,41.810344827586206,0.8074074074074075,0.10072322691615229
14.mp4,FrameDifference,0.5%,135,41.810344827586206,0.8074074074074075,0.10072322691615229
14.mp4,FrameDifference,1.0%,109,53.01724137931034,0.7614678899082569,0.122837068361366
14.mp4,FrameDifference,2.0%,93,59.91379310344828,0.7096774193548387,0.14157188060035844
14.mp4,FrameDifference,5.0%,65,71.98275862068965,0.7692307692307693,0.1874945412660257
14.mp4,FrameDifference,10.0%,47,79.74137931034483,0.6382978723404256,0.2313022680260048
14.mp4,MOG2,0.0%,232,0.0,0.9956896551724138,0.5013319554822198
14.mp4,MOG2,0.5%,232,0.0,0.9956896551724138,0.5013319554822198
14.mp4,MOG2,1.0%,232,0.0,0.9956896551724138,0.5013319554822198
14.mp4,MOG2,2.0%,232,0.0,0.9956896551724138,0.5013319554822198
14.mp4,MOG2,5.0%,230,0.8620689655172413,0.9869565217391304,0.5054544742602657
14.mp4,MOG2,10.0%,224,3.4482758620689653,0.9866071428571429,0.5169907052176339
14.mp4,KNN,0.0%,232,0.0,0.9956896551724138,0.630786034595007
14.mp4,KNN,0.5%,232,0.0,0.9956896551724138,0.630786034595007
14.mp4,KNN,1.0%,232,0.0,0.9956896551724138,0.630786034595007
14.mp4,KNN,2.0%,232,0.0,0.9956896551724138,0.630786034595007
14.mp4,KNN,5.0%,232,0.0,0.9956896551724138,0.630786034595007
14.mp4,KNN,10.0%,232,0.0,0.9956896551724138,0.630786034595007
14.mp4,GMM,0.0%,228,1.7241379310344827,0.9956140350877193,0.1739762845699318
14.mp4,GMM,0.5%,228,1.7241379310344827,0.9956140350877193,0.1739762845699318
14.mp4,GMM,1.0%,227,2.1551724137931036,0.9955947136563876,0.17470877118514444
14.mp4,GMM,2.0%,224,3.4482758620689653,0.9955357142857143,0.1768680972144718
14.mp4,GMM,5.0%,160,31.03448275862069,0.975,0.23458727349175357
14.mp4,GMM,10.0%,117,49.56896551724138,0.9658119658119658,0.2969222515283713
14_0.mp4,Baseline,0.0%,181,0.0,0.994475138121547,1.0
14_0.mp4,Baseline,0.5%,181,0.0,0.994475138121547,1.0
14_0.mp4,Baseline,1.0%,181,0.0,0.994475138121547,1.0
14_0.mp4,Baseline,2.0%,181,0.0,0.994475138121547,1.0
14_0.mp4,Baseline,5.0%,181,0.0,0.994475138121547,1.0
14_0.mp4,Baseline,10.0%,181,0.0,0.994475138121547,1.0
14_0.mp4,FrameDifference,0.0%,0,100.0,0.0,0.0
14_0.mp4,FrameDifference,0.5%,0,100.0,0.0,0.0
14_0.mp4,FrameDifference,1.0%,0,100.0,0.0,0.0
14_0.mp4,FrameDifference,2.0%,0,100.0,0.0,0.0
14_0.mp4,FrameDifference,5.0%,0,100.0,0.0,0.0
14_0.mp4,FrameDifference,10.0%,0,100.0,0.0,0.0
14_0.mp4,MOG2,0.0%,164,9.392265193370166,0.9817073170731707,0.1238641881210478
14_0.mp4,MOG2,0.5%,164,9.392265193370166,0.9817073170731707,0.1238641881210478
14_0.mp4,MOG2,1.0%,164,9.392265193370166,0.9817073170731707,0.1238641881210478
14_0.mp4,MOG2,2.0%,164,9.392265193370166,0.9817073170731707,0.1238641881210478
14_0.mp4,MOG2,5.0%,155,14.3646408839779,0.9741935483870968,0.1288482676224611
14_0.mp4,MOG2,10.0%,79,56.353591160220994,0.9113924050632911,0.1669684716361931
14_0.mp4,KNN,0.0%,181,0.0,0.994475138121547,0.09545468206466125
14_0.mp4,KNN,0.5%,181,0.0,0.994475138121547,0.09545468206466125
14_0.mp4,KNN,1.0%,181,0.0,0.994475138121547,0.09545468206466125
14_0.mp4,KNN,2.0%,181,0.0,0.994475138121547,0.09545468206466125
14_0.mp4,KNN,5.0%,169,6.629834254143646,0.9822485207100592,0.09931298624808231
14_0.mp4,KNN,10.0%,25,86.1878453038674,0.92,0.24201944444444445
14_0.mp4,GMM,0.0%,0,100.0,0.0,0.0
14_0.mp4,GMM,0.5%,0,100.0,0.0,0.0
14_0.mp4,GMM,1.0%,0,100.0,0.0,0.0
14_0.mp4,GMM,2.0%,0,100.0,0.0,0.0
14_0.mp4,GMM,5.0%,0,100.0,0.0,0.0
14_0.mp4,GMM,10.0%,0,100.0,0.0,0.0
16.mp4,Baseline,0.0%,263,0.0,0.9961977186311787,1.0
16.mp4,Baseline,0.5%,263,0.0,0.9961977186311787,1.0
16.mp4,Baseline,1.0%,263,0.0,0.9961977186311787,1.0
16.mp4,Baseline,2.0%,263,0.0,0.9961977186311787,1.0
16.mp4,Baseline,5.0%,263,0.0,0.9961977186311787,1.0
16.mp4,Baseline,10.0%,263,0.0,0.9961977186311787,1.0
16.mp4,FrameDifference,0.0%,42,84.03041825095056,0.6666666666666666,0.06773428426248548
16.mp4,FrameDifference,0.5%,42,84.03041825095056,0.6666666666666666,0.06773428426248548
16.mp4,FrameDifference,1.0%,42,84.03041825095056,0.6666666666666666,0.06773428426248548
16.mp4,FrameDifference,2.0%,42,84.03041825095056,0.6666666666666666,0.06773428426248548
16.mp4,FrameDifference,5.0%,31,88.212927756654,0.6451612903225806,0.07615681549960664
16.mp4,FrameDifference,10.0%,6,97.71863117870723,0.8333333333333334,0.11114329268292683
16.mp4,MOG2,0.0%,256,2.6615969581749046,0.984375,0.18294347251333837
16.mp4,MOG2,0.5%,256,2.6615969581749046,0.984375,0.18294347251333837
16.mp4,MOG2,1.0%,256,2.6615969581749046,0.984375,0.18294347251333837
16.mp4,MOG2,2.0%,256,2.6615969581749046,0.984375,0.18294347251333837
16.mp4,MOG2,5.0%,246,6.4638783269961975,0.9796747967479674,0.1885907445964703
16.mp4,MOG2,10.0%,224,14.82889733840304,0.9732142857142857,0.1994753783754354
16.mp4,KNN,0.0%,263,0.0,0.9961977186311787,0.18607327506259863
16.mp4,KNN,0.5%,263,0.0,0.9961977186311787,0.18607327506259863
16.mp4,KNN,1.0%,263,0.0,0.9961977186311787,0.18607327506259863
16.mp4,KNN,2.0%,263,0.0,0.9961977186311787,0.18607327506259863
16.mp4,KNN,5.0%,263,0.0,0.9961977186311787,0.18607327506259863
16.mp4,KNN,10.0%,241,8.365019011406844,0.9875518672199171,0.19512773884222243
16.mp4,GMM,0.0%,132,49.80988593155893,0.946969696969697,0.04942702559127862
16.mp4,GMM,0.5%,132,49.80988593155893,0.946969696969697,0.04942702559127862
16.mp4,GMM,1.0%,132,49.80988593155893,0.946969696969697,0.04942702559127862
16.mp4,GMM,2.0%,132,49.80988593155893,0.946969696969697,0.04942702559127862
16.mp4,GMM,5.0%,45,82.88973384030417,0.9111111111111111,0.06097696476964771
16.mp4,GMM,10.0%,0,100.0,0.0,0.0
16_0.mp4,Baseline,0.0%,281,0.0,0.99644128113879,1.0
16_0.mp4,Baseline,0.5%,281,0.0,0.99644128113879,1.0
16_0.mp4,Baseline,1.0%,281,0.0,0.99644128113879,1.0
16_0.mp4,Baseline,2.0%,281,0.0,0.99644128113879,1.0
16_0.mp4,Baseline,5.0%,281,0.0,0.99644128113879,1.0
16_0.mp4,Baseline,10.0%,281,0.0,0.99644128113879,1.0
16_0.mp4,FrameDifference,0.0%,1,99.644128113879,0.0,0.05643347537878788
16_0.mp4,FrameDifference,0.5%,1,99.644128113879,0.0,0.05643347537878788
16_0.mp4,FrameDifference,1.0%,1,99.644128113879,0.0,0.05643347537878788
16_0.mp4,FrameDifference,2.0%,1,99.644128113879,0.0,0.05643347537878788
16_0.mp4,FrameDifference,5.0%,1,99.644128113879,0.0,0.05643347537878788
16_0.mp4,FrameDifference,10.0%,0,100.0,0.0,0.0
16_0.mp4,MOG2,0.0%,276,1.7793594306049825,0.9927536231884058,0.1213625155540916
16_0.mp4,MOG2,0.5%,276,1.7793594306049825,0.9927536231884058,0.1213625155540916
16_0.mp4,MOG2,1.0%,276,1.7793594306049825,0.9927536231884058,0.1213625155540916
16_0.mp4,MOG2,2.0%,276,1.7793594306049825,0.9927536231884058,0.1213625155540916
16_0.mp4,MOG2,5.0%,274,2.491103202846975,0.9890510948905109,0.12188641950987977
16_0.mp4,MOG2,10.0%,164,41.637010676156585,0.9146341463414634,0.149544282862928
16_0.mp4,KNN,0.0%,281,0.0,0.99644128113879,0.17512785635491931
16_0.mp4,KNN,0.5%,281,0.0,0.99644128113879,0.17512785635491931
16_0.mp4,KNN,1.0%,281,0.0,0.99644128113879,0.17512785635491931
16_0.mp4,KNN,2.0%,281,0.0,0.99644128113879,0.17512785635491931
16_0.mp4,KNN,5.0%,281,0.0,0.99644128113879,0.17512785635491931
16_0.mp4,KNN,10.0%,245,12.811387900355871,0.9877551020408163,0.1892073638167388
16_0.mp4,GMM,0.0%,4,98.57651245551602,0.5,0.05854936079545455
16_0.mp4,GMM,0.5%,4,98.57651245551602,0.5,0.05854936079545455
16_0.mp4,GMM,1.0%,4,98.57651245551602,0.5,0.05854936079545455
16_0.mp4,GMM,2.0%,4,98.57651245551602,0.5,0.05854936079545455
16_0.mp4,GMM,5.0%,4,98.57651245551602,0.5,0.05854936079545455
16_0.mp4,GMM,10.0%,0,100.0,0.0,0.0
17.mp4,Baseline,0.0%,391,0.0,0.9974424552429667,1.0
17.mp4,Baseline,0.5%,391,0.0,0.9974424552429667,1.0
17.mp4,Baseline,1.0%,391,0.0,0.9974424552429667,1.0
17.mp4,Baseline,2.0%,391,0.0,0.9974424552429667,1.0
17.mp4,Baseline,5.0%,391,0.0,0.9974424552429667,1.0
17.mp4,Baseline,10.0%,391,0.0,0.9974424552429667,1.0
17.mp4,FrameDifference,0.0%,116,70.33248081841433,0.6724137931034483,0.013610587284482762
17.mp4,FrameDifference,0.5%,116,70.33248081841433,0.6724137931034483,0.013610587284482762
17.mp4,FrameDifference,1.0%,64,83.63171355498721,0.625,0.01867816501193576
17.mp4,FrameDifference,2.0%,24,93.86189258312021,0.7083333333333334,0.02578974971064815
17.mp4,FrameDifference,5.0%,0,100.0,0.0,0.0
17.mp4,FrameDifference,10.0%,0,100.0,0.0,0.0
17.mp4,MOG2,0.0%,388,0.7672634271099744,0.9896907216494846,0.03909427184009882
17.mp4,MOG2,0.5%,388,0.7672634271099744,0.9896907216494846,0.03909427184009882
17.mp4,MOG2,1.0%,357,8.695652173913043,0.9859943977591037,0.04173531478563649
17.mp4,MOG2,2.0%,281,28.13299232736573,0.9786476868327402,0.04908038240781931
17.mp4,MOG2,5.0%,88,77.49360613810742,0.9659090909090909,0.08063628225615531
17.mp4,MOG2,10.0%,4,98.9769820971867,0.5,0.32612901475694445
17.mp4,KNN,0.0%,391,0.0,0.9974424552429667,0.045383323675937705
17.mp4,KNN,0.5%,391,0.0,0.9974424552429667,0.045383323675937705
17.mp4,KNN,1.0%,361,7.672634271099745,0.9916897506925207,0.04838964573234066
17.mp4,KNN,2.0%,292,25.31969309462916,0.9897260273972602,0.056293447369672685
17.mp4,KNN,5.0%,117,70.076726342711,0.9487179487179487,0.09143288520892681
17.mp4,KNN,10.0%,4,98.9769820971867,0.75,0.9822523328993056
17.mp4,GMM,0.0%,302,22.762148337595907,0.9933774834437086,0.018384963955573947
17.mp4,GMM,0.5%,302,22.762148337595907,0.9933774834437086,0.018384963955573947
17.mp4,GMM,1.0%,223,42.96675191815857,0.9775784753363229,0.022188842955904328
17.mp4,GMM,2.0%,95,75.70332480818415,0.9473684210526315,0.03090318896198829
17.mp4,GMM,5.0%,10,97.44245524296676,0.9,0.054955295138888895
17.mp4,GMM,10.0%,0,100.0,0.0,0.0
17_0.mp4,Baseline,0.0%,56,0.0,0.9821428571428571,1.0
17_0.mp4,Baseline,0.5%,56,0.0,0.9821428571428571,1.0
17_0.mp4,Baseline,1.0%,56,0.0,0.9821428571428571,1.0
17_0.mp4,Baseline,2.0%,56,0.0,0.9821428571428571,1.0
17_0.mp4,Baseline,5.0%,56,0.0,0.9821428571428571,1.0
17_0.mp4,Baseline,10.0%,56,0.0,0.9821428571428571,1.0
17_0.mp4,FrameDifference,0.0%,1,98.21428571428571,0.0,0.09829931972789116
17_0.mp4,FrameDifference,0.5%,1,98.21428571428571,0.0,0.09829931972789116
17_0.mp4,FrameDifference,1.0%,1,98.21428571428571,0.0,0.09829931972789116
17_0.mp4,FrameDifference,2.0%,1,98.21428571428571,0.0,0.09829931972789116
17_0.mp4,FrameDifference,5.0%,1,98.21428571428571,0.0,0.09829931972789116
17_0.mp4,FrameDifference,10.0%,0,100.0,0.0,0.0
17_0.mp4,MOG2,0.0%,45,19.642857142857142,0.9555555555555556,0.16896006550768458
17_0.mp4,MOG2,0.5%,45,19.642857142857142,0.9555555555555556,0.16896006550768458
17_0.mp4,MOG2,1.0%,45,19.642857142857142,0.9555555555555556,0.16896006550768458
17_0.mp4,MOG2,2.0%,45,19.642857142857142,0.9555555555555556,0.16896006550768458
17_0.mp4,MOG2,5.0%,45,19.642857142857142,0.9555555555555556,0.16896006550768458
17_0.mp4,MOG2,10.0%,41,26.785714285714285,0.9024390243902439,0.17672833360986673
17_0.mp4,KNN,0.0%,56,0.0,0.9821428571428571,0.2415530349044379
17_0.mp4,KNN,0.5%,56,0.0,0.9821428571428571,0.2415530349044379
17_0.mp4,KNN,1.0%,56,0.0,0.9821428571428571,0.2415530349044379
17_0.mp4,KNN,2.0%,56,0.0,0.9821428571428571,0.2415530349044379
17_0.mp4,KNN,5.0%,56,0.0,0.9821428571428571,0.2415530349044379
17_0.mp4,KNN,10.0%,56,0.0,0.9821428571428571,0.2415530349044379
17_0.mp4,GMM,0.0%,27,51.78571428571429,0.9629629629629629,0.10182140757537583
17_0.mp4,GMM,0.5%,27,51.78571428571429,0.9629629629629629,0.10182140757537583
17_0.mp4,GMM,1.0%,27,51.78571428571429,0.9629629629629629,0.10182140757537583
17_0.mp4,GMM,2.0%,27,51.78571428571429,0.9629629629629629,0.10182140757537583
17_0.mp4,GMM,5.0%,27,51.78571428571429,0.9629629629629629,0.10182140757537583
17_0.mp4,GMM,10.0%,13,76.78571428571429,0.9230769230769231,0.1201279870922728
18_0.mp4,Baseline,0.0%,284,0.0,0.9964788732394366,1.0
18_0.mp4,Baseline,0.5%,284,0.0,0.9964788732394366,1.0
18_0.mp4,Baseline,1.0%,284,0.0,0.9964788732394366,1.0
18_0.mp4,Baseline,2.0%,284,0.0,0.9964788732394366,1.0
18_0.mp4,Baseline,5.0%,284,0.0,0.9964788732394366,1.0
18_0.mp4,Baseline,10.0%,284,0.0,0.9964788732394366,1.0
18_0.mp4,FrameDifference,0.0%,169,40.49295774647887,0.39644970414201186,0.04773458045693624
18_0.mp4,FrameDifference,0.5%,169,40.49295774647887,0.39644970414201186,0.04773458045693624
18_0.mp4,FrameDifference,1.0%,167,41.19718309859155,0.38922155688622756,0.04821977861406817
18_0.mp4,FrameDifference,2.0%,144,49.29577464788733,0.3263888888888889,0.05337133420674728
18_0.mp4,FrameDifference,5.0%,68,76.05633802816901,0.17647058823529413,0.07213323588984204
18_0.mp4,FrameDifference,10.0%,5,98.23943661971832,0.2,0.15966941550925925
18_0.mp4,MOG2,0.0%,282,0.7042253521126761,0.9893617021276596,0.17784958987966248
18_0.mp4,MOG2,0.5%,282,0.7042253521126761,0.9893617021276596,0.17784958987966248
18_0.mp4,MOG2,1.0%,282,0.7042253521126761,0.9893617021276596,0.17784958987966248
18_0.mp4,MOG2,2.0%,281,1.056338028169014,0.9857651245551602,0.17842931285285138
18_0.mp4,MOG2,5.0%,275,3.169014084507042,0.9745454545454545,0.18149888643378229
18_0.mp4,MOG2,10.0%,259,8.80281690140845,0.9845559845559846,0.18819512406751995
18_0.mp4,KNN,0.0%,284,0.0,0.9964788732394366,0.19324837613159682
18_0.mp4,KNN,0.5%,284,0.0,0.9964788732394366,0.19324837613159682
18_0.mp4,KNN,1.0%,284,0.0,0.9964788732394366,0.19324837613159682
18_0.mp4,KNN,2.0%,284,0.0,0.9964788732394366,0.19324837613159682
18_0.mp4,KNN,5.0%,284,0.0,0.9964788732394366,0.19324837613159682
18_0.mp4,KNN,10.0%,268,5.633802816901409,0.9925373134328358,0.19960555566352275
18_0.mp4,GMM,0.0%,280,1.4084507042253522,0.9964285714285714,0.05569671361744931
18_0.mp4,GMM,0.5%,280,1.4084507042253522,0.9964285714285714,0.05569671361744931
18_0.mp4,GMM,1.0%,279,1.7605633802816902,0.992831541218638,0.05586109918442189
18_0.mp4,GMM,2.0%,270,4.929577464788732,0.9888888888888889,0.05720887542152494
18_0.mp4,GMM,5.0%,193,32.04225352112676,0.9740932642487047,0.06378416125943517
18_0.mp4,GMM,10.0%,0,100.0,0.0,0.0
1_0.mp4,Baseline,0.0%,83,0.0,0.9879518072289156,1.0
1_0.mp4,Baseline,0.5%,83,0.0,0.9879518072289156,1.0
1_0.mp4,Baseline,1.0%,83,0.0,0.9879518072289156,1.0
1_0.mp4,Baseline,2.0%,83,0.0,0.9879518072289156,1.0
1_0.mp4,Baseline,5.0%,83,0.0,0.9879518072289156,1.0
1_0.mp4,Baseline,10.0%,83,0.0,0.9879518072289156,1.0
1_0.mp4,FrameDifference,0.0%,22,73.49397590361446,0.3181818181818182,0.020391222252924376
1_0.mp4,FrameDifference,0.5%,22,73.49397590361446,0.3181818181818182,0.020391222252924376
1_0.mp4,FrameDifference,1.0%,22,73.49397590361446,0.3181818181818182,0.020391222252924376
1_0.mp4,FrameDifference,2.0%,10,87.95180722891565,0.0,0.023904825227963524
1_0.mp4,FrameDifference,5.0%,0,100.0,0.0,0.0
1_0.mp4,FrameDifference,10.0%,0,100.0,0.0,0.0
1_0.mp4,MOG2,0.0%,82,1.2048192771084338,0.975609756097561,0.11935774828872908
1_0.mp4,MOG2,0.5%,82,1.2048192771084338,0.975609756097561,0.11935774828872908
1_0.mp4,MOG2,1.0%,82,1.2048192771084338,0.975609756097561,0.11935774828872908
1_0.mp4,MOG2,2.0%,76,8.433734939759036,0.9473684210526315,0.1273527902202314
1_0.mp4,MOG2,5.0%,54,34.93975903614458,0.9074074074074074,0.16847729980487075
1_0.mp4,MOG2,10.0%,39,53.01204819277109,0.8461538461538461,0.20243088028992287
1_0.mp4,KNN,0.0%,83,0.0,0.9879518072289156,0.12043413013757148
1_0.mp4,KNN,0.5%,83,0.0,0.9879518072289156,0.12043413013757148
1_0.mp4,KNN,1.0%,83,0.0,0.9879518072289156,0.12043413013757148
1_0.mp4,KNN,2.0%,83,0.0,0.9879518072289156,0.12043413013757148
1_0.mp4,KNN,5.0%,63,24.096385542168676,0.9523809523809523,0.1463683138740128
1_0.mp4,KNN,10.0%,28,66.26506024096386,0.8571428571428571,0.24752779436242575
1_0.mp4,GMM,0.0%,9,89.1566265060241,0.8888888888888888,0.0172369272768209
1_0.mp4,GMM,0.5%,9,89.1566265060241,0.8888888888888888,0.0172369272768209
1_0.mp4,GMM,1.0%,9,89.1566265060241,0.8888888888888888,0.0172369272768209
1_0.mp4,GMM,2.0%,0,100.0,0.0,0.0
1_0.mp4,GMM,5.0%,0,100.0,0.0,0.0
1_0.mp4,GMM,10.0%,0,100.0,0.0,0.0
20_0.mp4,Baseline,0.0%,481,0.0,0.997920997920998,1.0
20_0.mp4,Baseline,0.5%,481,0.0,0.997920997920998,1.0
20_0.mp4,Baseline,1.0%,481,0.0,0.997920997920998,1.0
20_0.mp4,Baseline,2.0%,481,0.0,0.997920997920998,1.0
20_0.mp4,Baseline,5.0%,481,0.0,0.997920997920998,1.0
20_0.mp4,Baseline,10.0%,481,0.0,0.997920997920998,1.0
20_0.mp4,FrameDifference,0.0%,0,100.0,0.0,0.0
20_0.mp4,FrameDifference,0.5%,0,100.0,0.0,0.0
20_0.mp4,FrameDifference,1.0%,0,100.0,0.0,0.0
20_0.mp4,FrameDifference,2.0%,0,100.0,0.0,0.0
20_0.mp4,FrameDifference,5.0%,0,100.0,0.0,0.0
20_0.mp4,FrameDifference,10.0%,0,100.0,0.0,0.0
20_0.mp4,MOG2,0.0%,469,2.494802494802495,0.9914712153518124,0.08577322050136556
20_0.mp4,MOG2,0.5%,469,2.494802494802495,0.9914712153518124,0.08577322050136556
20_0.mp4,MOG2,1.0%,469,2.494802494802495,0.9914712153518124,0.08577322050136556
20_0.mp4,MOG2,2.0%,469,2.494802494802495,0.9914712153518124,0.08577322050136556
20_0.mp4,MOG2,5.0%,466,3.118503118503119,0.9892703862660944,0.08601658832345532
20_0.mp4,MOG2,10.0%,66,86.27858627858627,0.8636363636363636,0.11984034484034484
20_0.mp4,KNN,0.0%,481,0.0,0.997920997920998,0.08474700397777325
20_0.mp4,KNN,0.5%,481,0.0,0.997920997920998,0.08474700397777325
20_0.mp4,KNN,1.0%,481,0.0,0.997920997920998,0.08474700397777325
20_0.mp4,KNN,2.0%,481,0.0,0.997920997920998,0.08474700397777325
20_0.mp4,KNN,5.0%,481,0.0,0.997920997920998,0.08474700397777325
20_0.mp4,KNN,10.0%,45,90.64449064449065,0.8222222222222222,0.17149877899877905
20_0.mp4,GMM,0.0%,42,91.26819126819127,0.8809523809523809,0.03971742543171115
20_0.mp4,GMM,0.5%,42,91.26819126819127,0.8809523809523809,0.03971742543171115
20_0.mp4,GMM,1.0%,42,91.26819126819127,0.8809523809523809,0.03971742543171115
20_0.mp4,GMM,2.0%,42,91.26819126819127,0.8809523809523809,0.03971742543171115
20_0.mp4,GMM,5.0%,0,100.0,0.0,0.0
20_0.mp4,GMM,10.0%,0,100.0,0.0,0.0
21_0.mp4,Baseline,0.0%,310,0.0,0.9967741935483871,1.0
21_0.mp4,Baseline,0.5%,310,0.0,0.9967741935483871,1.0
21_0.mp4,Baseline,1.0%,310,0.0,0.9967741935483871,1.0
21_0.mp4,Baseline,2.0%,310,0.0,0.9967741935483871,1.0
21_0.mp4,Baseline,5.0%,310,0.0,0.9967741935483871,1.0
21_0.mp4,Baseline,10.0%,310,0.0,0.9967741935483871,1.0
21_0.mp4,FrameDifference,0.0%,220,29.03225806451613,0.6272727272727273,0.02676089508364899
21_0.mp4,FrameDifference,0.5%,220,29.03225806451613,0.6272727272727273,0.02676089508364899
21_0.mp4,FrameDifference,1.0%,194,37.41935483870968,0.5360824742268041,0.029301013924685003
21_0.mp4,FrameDifference,2.0%,134,56.774193548387096,0.21641791044776118,0.03582594028555141
21_0.mp4,FrameDifference,5.0%,16,94.83870967741936,0.0,0.0618878173828125
21_0.mp4,FrameDifference,10.0%,0,100.0,0.0,0.0
21_0.mp4,MOG2,0.0%,307,0.967741935483871,0.9869706840390879,0.2070204770629749
21_0.mp4,MOG2,0.5%,307,0.967741935483871,0.9869706840390879,0.2070204770629749
21_0.mp4,MOG2,1.0%,306,1.2903225806451613,0.9869281045751634,0.20767898681463315
21_0.mp4,MOG2,2.0%,306,1.2903225806451613,0.9869281045751634,0.20767898681463315
21_0.mp4,MOG2,5.0%,305,1.6129032258064515,0.9836065573770492,0.2082632947688979
21_0.mp4,MOG2,10.0%,291,6.129032258064516,0.9725085910652921,0.2145560910056318
21_0.mp4,KNN,0.0%,310,0.0,0.9967741935483871,0.2223840620799731
21_0.mp4,KNN,0.5%,310,0.0,0.9967741935483871,0.2223840620799731
21_0.mp4,KNN,1.0%,310,0.0,0.9967741935483871,0.2223840620799731
21_0.mp4,KNN,2.0%,310,0.0,0.9967741935483871,0.2223840620799731
21_0.mp4,KNN,5.0%,310,0.0,0.9967741935483871,0.2223840620799731
21_0.mp4,KNN,10.0%,309,0.3225806451612903,0.9935275080906149,0.222813079406014
21_0.mp4,GMM,0.0%,307,0.967741935483871,0.996742671009772,0.059290000537233115
21_0.mp4,GMM,0.5%,307,0.967741935483871,0.996742671009772,0.059290000537233115
21_0.mp4,GMM,1.0%,307,0.967741935483871,0.996742671009772,0.059290000537233115
21_0.mp4,GMM,2.0%,301,2.903225806451613,0.9933554817275747,0.060165190107050605
21_0.mp4,GMM,5.0%,214,30.967741935483872,0.9626168224299065,0.06984839957327359
21_0.mp4,GMM,10.0%,5,98.38709677419355,0.8,0.1066953125
22_0.mp4,Baseline,0.0%,57,0.0,0.9824561403508771,1.0
22_0.mp4,Baseline,0.5%,57,0.0,0.9824561403508771,1.0
22_0.mp4,Baseline,1.0%,57,0.0,0.9824561403508771,1.0
22_0.mp4,Baseline,2.0%,57,0.0,0.9824561403508771,1.0
22_0.mp4,Baseline,5.0%,57,0.0,0.9824561403508771,1.0
22_0.mp4,Baseline,10.0%,57,0.0,0.9824561403508771,1.0
22_0.mp4,FrameDifference,0.0%,33,42.10526315789473,0.9090909090909091,0.03757382856341189
22_0.mp4,FrameDifference,0.5%,33,42.10526315789473,0.9090909090909091,0.03757382856341189
22_0.mp4,FrameDifference,1.0%,33,42.10526315789473,0.9090909090909091,0.03757382856341189
22_0.mp4,FrameDifference,2.0%,33,42.10526315789473,0.9090909090909091,0.03757382856341189
22_0.mp4,FrameDifference,5.0%,1,98.24561403508771,0.0,0.06398148148148149
22_0.mp4,FrameDifference,10.0%,0,100.0,0.0,0.0
22_0.mp4,MOG2,0.0%,57,0.0,0.9824561403508771,0.1271569403833658
22_0.mp4,MOG2,0.5%,57,0.0,0.9824561403508771,0.1271569403833658
22_0.mp4,MOG2,1.0%,57,0.0,0.9824561403508771,0.1271569403833658
22_0.mp4,MOG2,2.0%,57,0.0,0.9824561403508771,0.1271569403833658
22_0.mp4,MOG2,5.0%,48,15.789473684210526,0.9375,0.14468448591820984
22_0.mp4,MOG2,10.0%,26,54.385964912280706,0.8076923076923077,0.20170851139601137
22_0.mp4,KNN,0.0%,57,0.0,0.9824561403508771,0.16649183723196886
22_0.mp4,KNN,0.5%,57,0.0,0.9824561403508771,0.16649183723196886
22_0.mp4,KNN,1.0%,57,0.0,0.9824561403508771,0.16649183723196886
22_0.mp4,KNN,2.0%,57,0.0,0.9824561403508771,0.16649183723196886
22_0.mp4,KNN,5.0%,57,0.0,0.9824561403508771,0.16649183723196886
22_0.mp4,KNN,10.0%,32,43.859649122807014,0.9375,0.23360098379629632
22_0.mp4,GMM,0.0%,23,59.64912280701754,0.9565217391304348,0.039672151771336546
22_0.mp4,GMM,0.5%,23,59.64912280701754,0.9565217391304348,0.039672151771336546
22_0.mp4,GMM,1.0%,23,59.64912280701754,0.9565217391304348,0.039672151771336546
22_0.mp4,GMM,2.0%,23,59.64912280701754,0.9565217391304348,0.039672151771336546
22_0.mp4,GMM,5.0%,0,100.0,0.0,0.0
22_0.mp4,GMM,10.0%,0,100.0,0.0,0.0
23_0.mp4,Baseline,0.0%,71,0.0,0.9859154929577465,1.0
23_0.mp4,Baseline,0.5%,71,0.0,0.9859154929577465,1.0
23_0.mp4,Baseline,1.0%,71,0.0,0.9859154929577465,1.0
23_0.mp4,Baseline,2.0%,71,0.0,0.9859154929577465,1.0
23_0.mp4,Baseline,5.0%,71,0.0,0.9859154929577465,1.0
23_0.mp4,Baseline,10.0%,71,0.0,0.9859154929577465,1.0
23_0.mp4,FrameDifference,0.0%,11,84.50704225352112,0.8181818181818182,0.05190577651515151
23_0.mp4,FrameDifference,0.5%,11,84.50704225352112,0.8181818181818182,0.05190577651515151
23_0.mp4,FrameDifference,1.0%,11,84.50704225352112,0.8181818181818182,0.05190577651515151
23_0.mp4,FrameDifference,2.0%,11,84.50704225352112,0.8181818181818182,0.05190577651515151
23_0.mp4,FrameDifference,5.0%,9,87.32394366197182,0.6666666666666666,0.05241871843434344
23_0.mp4,FrameDifference,10.0%,0,100.0,0.0,0.0
23_0.mp4,MOG2,0.0%,62,12.676056338028168,0.9193548387096774,0.1524780313212773
23_0.mp4,MOG2,0.5%,62,12.676056338028168,0.9193548387096774,0.1524780313212773
23_0.mp4,MOG2,1.0%,62,12.676056338028168,0.9193548387096774,0.1524780313212773
23_0.mp4,MOG2,2.0%,62,12.676056338028168,0.9193548387096774,0.1524780313212773
23_0.mp4,MOG2,5.0%,60,15.492957746478872,0.9,0.15589620159932663
23_0.mp4,MOG2,10.0%,43,39.436619718309856,0.8837209302325582,0.19101007348191218
23_0.mp4,KNN,0.0%,71,0.0,0.9859154929577465,0.17095178790546306
23_0.mp4,KNN,0.5%,71,0.0,0.9859154929577465,0.17095178790546306
23_0.mp4,KNN,1.0%,71,0.0,0.9859154929577465,0.17095178790546306
23_0.mp4,KNN,2.0%,71,0.0,0.9859154929577465,0.17095178790546306
23_0.mp4,KNN,5.0%,71,0.0,0.9859154929577465,0.17095178790546306
23_0.mp4,KNN,10.0%,57,19.718309859154928,0.9473684210526315,0.1932318317495127
23_0.mp4,GMM,0.0%,18,74.64788732394366,0.9444444444444444,0.06211419753086421
23_0.mp4,GMM,0.5%,18,74.64788732394366,0.9444444444444444,0.06211419753086421
23_0.mp4,GMM,1.0%,18,74.64788732394366,0.9444444444444444,0.06211419753086421
23_0.mp4,GMM,2.0%,18,74.64788732394366,0.9444444444444444,0.06211419753086421
23_0.mp4,GMM,5.0%,18,74.64788732394366,0.9444444444444444,0.06211419753086421
23_0.mp4,GMM,10.0%,0,100.0,0.0,0.0
24_0.mp4,Baseline,0.0%,131,0.0,0.9923664122137404,1.0
24_0.mp4,Baseline,0.5%,131,0.0,0.9923664122137404,1.0
24_0.mp4,Baseline,1.0%,131,0.0,0.9923664122137404,1.0
24_0.mp4,Baseline,2.0%,131,0.0,0.9923664122137404,1.0
24_0.mp4,Baseline,5.0%,131,0.0,0.9923664122137404,1.0
24_0.mp4,Baseline,10.0%,131,0.0,0.9923664122137404,1.0
24_0.mp4,FrameDifference,0.0%,60,54.19847328244275,0.5333333333333333,0.049517859256628785
24_0.mp4,FrameDifference,0.5%,60,54.19847328244275,0.5333333333333333,0.049517859256628785
24_0.mp4,FrameDifference,1.0%,60,54.19847328244275,0.5333333333333333,0.049517859256628785
24_0.mp4,FrameDifference,2.0%,60,54.19847328244275,0.5333333333333333,0.049517859256628785
24_0.mp4,FrameDifference,5.0%,21,83.96946564885496,0.19047619047619047,0.08010031960227273
24_0.mp4,FrameDifference,10.0%,3,97.70992366412213,0.0,0.1298902107007576
24_0.mp4,MOG2,0.0%,131,0.0,0.9923664122137404,0.22473464743450733
24_0.mp4,MOG2,0.5%,131,0.0,0.9923664122137404,0.22473464743450733
24_0.mp4,MOG2,1.0%,131,0.0,0.9923664122137404,0.22473464743450733
24_0.mp4,MOG2,2.0%,131,0.0,0.9923664122137404,0.22473464743450733
24_0.mp4,MOG2,5.0%,131,0.0,0.9923664122137404,0.22473464743450733
24_0.mp4,MOG2,10.0%,101,22.900763358778626,0.9306930693069307,0.26538270526271385
24_0.mp4,KNN,0.0%,131,0.0,0.9923664122137404,0.32601295487074955
24_0.mp4,KNN,0.5%,131,0.0,0.9923664122137404,0.32601295487074955
24_0.mp4,KNN,1.0%,131,0.0,0.9923664122137404,0.32601295487074955
24_0.mp4,KNN,2.0%,131,0.0,0.9923664122137404,0.32601295487074955
24_0.mp4,KNN,5.0%,131,0.0,0.9923664122137404,0.32601295487074955
24_0.mp4,KNN,10.0%,131,0.0,0.9923664122137404,0.32601295487074955
24_0.mp4,GMM,0.0%,101,22.900763358778626,0.9702970297029703,0.09062302226316381
24_0.mp4,GMM,0.5%,101,22.900763358778626,0.9702970297029703,0.09062302226316381
24_0.mp4,GMM,1.0%,101,22.900763358778626,0.9702970297029703,0.09062302226316381
24_0.mp4,GMM,2.0%,101,22.900763358778626,0.9702970297029703,0.09062302226316381
24_0.mp4,GMM,5.0%,80,38.93129770992366,0.9375,0.10455988103693177
24_0.mp4,GMM,10.0%,52,60.30534351145038,0.9423076923076923,0.12083356097027972
25_0.mp4,Baseline,0.0%,106,0.0,0.9905660377358491,1.0
25_0.mp4,Baseline,0.5%,106,0.0,0.9905660377358491,1.0
25_0.mp4,Baseline,1.0%,106,0.0,0.9905660377358491,1.0
25_0.mp4,Baseline,2.0%,106,0.0,0.9905660377358491,1.0
25_0.mp4,Baseline,5.0%,106,0.0,0.9905660377358491,1.0
25_0.mp4,Baseline,10.0%,106,0.0,0.9905660377358491,1.0
25_0.mp4,FrameDifference,0.0%,105,0.9433962264150944,0.9904761904761905,0.04881093956679896
25_0.mp4,FrameDifference,0.5%,105,0.9433962264150944,0.9904761904761905,0.04881093956679896
25_0.mp4,FrameDifference,1.0%,105,0.9433962264150944,0.9904761904761905,0.04881093956679896
25_0.mp4,FrameDifference,2.0%,105,0.9433962264150944,0.9904761904761905,0.04881093956679896
25_0.mp4,FrameDifference,5.0%,41,61.32075471698113,0.8536585365853658,0.06571048230013551
25_0.mp4,FrameDifference,10.0%,0,100.0,0.0,0.0
25_0.mp4,MOG2,0.0%,106,0.0,0.9905660377358491,0.17597624516837004
25_0.mp4,MOG2,0.5%,106,0.0,0.9905660377358491,0.17597624516837004
25_0.mp4,MOG2,1.0%,106,0.0,0.9905660377358491,0.17597624516837004
25_0.mp4,MOG2,2.0%,106,0.0,0.9905660377358491,0.17597624516837004
25_0.mp4,MOG2,5.0%,106,0.0,0.9905660377358491,0.17597624516837004
25_0.mp4,MOG2,10.0%,94,11.320754716981133,0.9680851063829787,0.18747595532284284
25_0.mp4,KNN,0.0%,106,0.0,0.9905660377358491,0.2161848548873166
25_0.mp4,KNN,0.5%,106,0.0,0.9905660377358491,0.2161848548873166
25_0.mp4,KNN,1.0%,106,0.0,0.9905660377358491,0.2161848548873166
25_0.mp4,KNN,2.0%,106,0.0,0.9905660377358491,0.2161848548873166
25_0.mp4,KNN,5.0%,106,0.0,0.9905660377358491,0.2161848548873166
25_0.mp4,KNN,10.0%,106,0.0,0.9905660377358491,0.2161848548873166
25_0.mp4,GMM,0.0%,105,0.9433962264150944,0.9904761904761905,0.05059018477182539
25_0.mp4,GMM,0.5%,105,0.9433962264150944,0.9904761904761905,0.05059018477182539
25_0.mp4,GMM,1.0%,105,0.9433962264150944,0.9904761904761905,0.05059018477182539
25_0.mp4,GMM,2.0%,92,13.20754716981132,0.9782608695652174,0.05550907448294081
25_0.mp4,GMM,5.0%,49,53.77358490566038,0.9591836734693877,0.07224731168509069
25_0.mp4,GMM,10.0%,0,100.0,0.0,0.0
26_0.mp4,Baseline,0.0%,226,0.0,0.995575221238938,1.0
26_0.mp4,Baseline,0.5%,226,0.0,0.995575221238938,1.0
26_0.mp4,Baseline,1.0%,226,0.0,0.995575221238938,1.0
26_0.mp4,Baseline,2.0%,226,0.0,0.995575221238938,1.0
26_0.mp4,Baseline,5.0%,226,0.0,0.995575221238938,1.0
26_0.mp4,Baseline,10.0%,226,0.0,0.995575221238938,1.0
26_0.mp4,FrameDifference,0.0%,0,100.0,0.0,0.0
26_0.mp4,FrameDifference,0.5%,0,100.0,0.0,0.0
26_0.mp4,FrameDifference,1.0%,0,100.0,0.0,0.0
26_0.mp4,FrameDifference,2.0%,0,100.0,0.0,0.0
26_0.mp4,FrameDifference,5.0%,0,100.0,0.0,0.0
26_0.mp4,FrameDifference,10.0%,0,100.0,0.0,0.0
26_0.mp4,MOG2,0.0%,193,14.601769911504425,0.9689119170984456,0.14127949204293117
26_0.mp4,MOG2,0.5%,193,14.601769911504425,0.9689119170984456,0.14127949204293117
26_0.mp4,MOG2,1.0%,193,14.601769911504425,0.9689119170984456,0.14127949204293117
26_0.mp4,MOG2,2.0%,193,14.601769911504425,0.9689119170984456,0.14127949204293117
26_0.mp4,MOG2,5.0%,193,14.601769911504425,0.9689119170984456,0.14127949204293117
26_0.mp4,MOG2,10.0%,184,18.58407079646018,0.967391304347826,0.14358271059782607
26_0.mp4,KNN,0.0%,178,21.238938053097346,0.9831460674157303,0.10269493629614766
26_0.mp4,KNN,0.5%,178,21.238938053097346,0.9831460674157303,0.10269493629614766
26_0.mp4,KNN,1.0%,178,21.238938053097346,0.9831460674157303,0.10269493629614766
26_0.mp4,KNN,2.0%,178,21.238938053097346,0.9831460674157303,0.10269493629614766
26_0.mp4,KNN,5.0%,178,21.238938053097346,0.9831460674157303,0.10269493629614766
26_0.mp4,KNN,10.0%,23,89.82300884955751,0.782608695652174,0.26436238354037267
26_0.mp4,GMM,0.0%,0,100.0,0.0,0.0
26_0.mp4,GMM,0.5%,0,100.0,0.0,0.0
26_0.mp4,GMM,1.0%,0,100.0,0.0,0.0
26_0.mp4,GMM,2.0%,0,100.0,0.0,0.0
26_0.mp4,GMM,5.0%,0,100.0,0.0,0.0
26_0.mp4,GMM,10.0%,0,100.0,0.0,0.0
27_0.mp4,Baseline,0.0%,201,0.0,0.9950248756218906,1.0
27_0.mp4,Baseline,0.5%,201,0.0,0.9950248756218906,1.0
27_0.mp4,Baseline,1.0%,201,0.0,0.9950248756218906,1.0
27_0.mp4,Baseline,2.0%,201,0.0,0.9950248756218906,1.0
27_0.mp4,Baseline,5.0%,201,0.0,0.9950248756218906,1.0
27_0.mp4,Baseline,10.0%,201,0.0,0.9950248756218906,1.0
27_0.mp4,FrameDifference,0.0%,6,97.01492537313433,0.3333333333333333,0.05536554783950617
27_0.mp4,FrameDifference,0.5%,6,97.01492537313433,0.3333333333333333,0.05536554783950617
27_0.mp4,FrameDifference,1.0%,6,97.01492537313433,0.3333333333333333,0.05536554783950617
27_0.mp4,FrameDifference,2.0%,6,97.01492537313433,0.3333333333333333,0.05536554783950617
27_0.mp4,FrameDifference,5.0%,2,99.00497512437812,0.0,0.1008130787037037
27_0.mp4,FrameDifference,10.0%,1,99.50248756218906,0.0,0.11928819444444444
27_0.mp4,MOG2,0.0%,201,0.0,0.9950248756218906,0.3473150451446472
27_0.mp4,MOG2,0.5%,201,0.0,0.9950248756218906,0.3473150451446472
27_0.mp4,MOG2,1.0%,201,0.0,0.9950248756218906,0.3473150451446472
27_0.mp4,MOG2,2.0%,201,0.0,0.9950248756218906,0.3473150451446472
27_0.mp4,MOG2,5.0%,201,0.0,0.9950248756218906,0.3473150451446472
27_0.mp4,MOG2,10.0%,201,0.0,0.9950248756218906,0.3473150451446472
27_0.mp4,KNN,0.0%,201,0.0,0.9950248756218906,0.45474505366685075
27_0.mp4,KNN,0.5%,201,0.0,0.9950248756218906,0.45474505366685075
27_0.mp4,KNN,1.0%,201,0.0,0.9950248756218906,0.45474505366685075
27_0.mp4,KNN,2.0%,201,0.0,0.9950248756218906,0.45474505366685075
27_0.mp4,KNN,5.0%,201,0.0,0.9950248756218906,0.45474505366685075
27_0.mp4,KNN,10.0%,201,0.0,0.9950248756218906,0.45474505366685075
27_0.mp4,GMM,0.0%,191,4.975124378109453,0.9895287958115183,0.05953391627884433
27_0.mp4,GMM,0.5%,191,4.975124378109453,0.9895287958115183,0.05953391627884433
27_0.mp4,GMM,1.0%,191,4.975124378109453,0.9895287958115183,0.05953391627884433
27_0.mp4,GMM,2.0%,191,4.975124378109453,0.9895287958115183,0.05953391627884433
27_0.mp4,GMM,5.0%,121,39.800995024875625,0.9008264462809917,0.06978147956841144
27_0.mp4,GMM,10.0%,5,97.51243781094527,0.4,0.10397685185185186
2_0.mp4,Baseline,0.0%,91,0.0,0.989010989010989,1.0
2_0.mp4,Baseline,0.5%,91,0.0,0.989010989010989,1.0
2_0.mp4,Baseline,1.0%,91,0.0,0.989010989010989,1.0
2_0.mp4,Baseline,2.0%,91,0.0,0.989010989010989,1.0
2_0.mp4,Baseline,5.0%,91,0.0,0.989010989010989,1.0
2_0.mp4,Baseline,10.0%,91,0.0,0.989010989010989,1.0
2_0.mp4,FrameDifference,0.0%,23,74.72527472527473,0.17391304347826086,0.03603226130187747
2_0.mp4,FrameDifference,0.5%,23,74.72527472527473,0.17391304347826086,0.03603226130187747
2_0.mp4,FrameDifference,1.0%,23,74.72527472527473,0.17391304347826086,0.03603226130187747
2_0.mp4,FrameDifference,2.0%,23,74.72527472527473,0.17391304347826086,0.03603226130187747
2_0.mp4,FrameDifference,5.0%,3,96.7032967032967,0.0,0.058512369791666664
2_0.mp4,FrameDifference,10.0%,0,100.0,0.0,0.0
2_0.mp4,MOG2,0.0%,86,5.4945054945054945,0.9302325581395349,0.10845913715644821
2_0.mp4,MOG2,0.5%,86,5.4945054945054945,0.9302325581395349,0.10845913715644821
2_0.mp4,MOG2,1.0%,86,5.4945054945054945,0.9302325581395349,0.10845913715644821
2_0.mp4,MOG2,2.0%,86,5.4945054945054945,0.9302325581395349,0.10845913715644821
2_0.mp4,MOG2,5.0%,82,9.89010989010989,0.9024390243902439,0.11152489909575942
2_0.mp4,MOG2,10.0%,44,51.64835164835166,0.8409090909090909,0.13865200074251033
2_0.mp4,KNN,0.0%,91,0.0,0.989010989010989,0.12699692885239758
2_0.mp4,KNN,0.5%,91,0.0,0.989010989010989,0.12699692885239758
2_0.mp4,KNN,1.0%,91,0.0,0.989010989010989,0.12699692885239758
2_0.mp4,KNN,2.0%,91,0.0,0.989010989010989,0.12699692885239758
2_0.mp4,KNN,5.0%,91,0.0,0.989010989010989,0.12699692885239758
2_0.mp4,KNN,10.0%,14,84.61538461538461,0.6428571428571429,0.364860554484578
2_0.mp4,GMM,0.0%,41,54.94505494505495,0.8536585365853658,0.026333083598946795
2_0.mp4,GMM,0.5%,41,54.94505494505495,0.8536585365853658,0.026333083598946795
2_0.mp4,GMM,1.0%,41,54.94505494505495,0.8536585365853658,0.026333083598946795
2_0.mp4,GMM,2.0%,41,54.94505494505495,0.8536585365853658,0.026333083598946795
2_0.mp4,GMM,5.0%,0,100.0,0.0,0.0
2_0.mp4,GMM,10.0%,0,100.0,0.0,0.0
30_0.mp4,Baseline,0.0%,66,0.0,0.9848484848484849,1.0
30_0.mp4,Baseline,0.5%,66,0.0,0.9848484848484849,1.0
30_0.mp4,Baseline,1.0%,66,0.0,0.9848484848484849,1.0
30_0.mp4,Baseline,2.0%,66,0.0,0.9848484848484849,1.0
30_0.mp4,Baseline,5.0%,66,0.0,0.9848484848484849,1.0
30_0.mp4,Baseline,10.0%,66,0.0,0.9848484848484849,1.0
30_0.mp4,FrameDifference,0.0%,65,1.5151515151515151,0.9846153846153847,0.04846206144283066
30_0.mp4,FrameDifference,0.5%,65,1.5151515151515151,0.9846153846153847,0.04846206144283066
30_0.mp4,FrameDifference,1.0%,65,1.5151515151515151,0.9846153846153847,0.04846206144283066
30_0.mp4,FrameDifference,2.0%,60,9.090909090909092,0.9166666666666666,0.05144127573815073
30_0.mp4,FrameDifference,5.0%,29,56.060606060606055,0.6551724137931034,0.06808306037831902
30_0.mp4,FrameDifference,10.0%,0,100.0,0.0,0.0
30_0.mp4,MOG2,0.0%,66,0.0,0.9848484848484849,0.14213711635586643
30_0.mp4,MOG2,0.5%,66,0.0,0.9848484848484849,0.14213711635586643
30_0.mp4,MOG2,1.0%,66,0.0,0.9848484848484849,0.14213711635586643
30_0.mp4,MOG2,2.0%,66,0.0,0.9848484848484849,0.14213711635586643
30_0.mp4,MOG2,5.0%,65,1.5151515151515151,0.9692307692307692,0.14356157731157737
30_0.mp4,MOG2,10.0%,39,40.909090909090914,0.8974358974358975,0.19435980241268705
30_0.mp4,KNN,0.0%,66,0.0,0.9848484848484849,0.21247772377033747
30_0.mp4,KNN,0.5%,66,0.0,0.9848484848484849,0.21247772377033747
30_0.mp4,KNN,1.0%,66,0.0,0.9848484848484849,0.21247772377033747
30_0.mp4,KNN,2.0%,66,0.0,0.9848484848484849,0.21247772377033747
30_0.mp4,KNN,5.0%,66,0.0,0.9848484848484849,0.21247772377033747
30_0.mp4,KNN,10.0%,66,0.0,0.9848484848484849,0.21247772377033747
30_0.mp4,GMM,0.0%,65,1.5151515151515151,0.9846153846153847,0.032487915396569235
30_0.mp4,GMM,0.5%,65,1.5151515151515151,0.9846153846153847,0.032487915396569235
30_0.mp4,GMM,1.0%,65,1.5151515151515151,0.9846153846153847,0.032487915396569235
30_0.mp4,GMM,2.0%,44,33.33333333333333,0.9545454545454546,0.04118029618739845
30_0.mp4,GMM,5.0%,18,72.72727272727273,0.9444444444444444,0.054416831239747915
30_0.mp4,GMM,10.0%,0,100.0,0.0,0.0
3_0.mp4,Baseline,0.0%,150,0.0,0.9933333333333333,1.0
3_0.mp4,Baseline,0.5%,150,0.0,0.9933333333333333,1.0
3_0.mp4,Baseline,1.0%,150,0.0,0.9933333333333333,1.0
3_0.mp4,Baseline,2.0%,150,0.0,0.9933333333333333,1.0
3_0.mp4,Baseline,5.0%,150,0.0,0.9933333333333333,1.0
3_0.mp4,Baseline,10.0%,150,0.0,0.9933333333333333,1.0
3_0.mp4,FrameDifference,0.0%,121,19.333333333333332,0.7933884297520661,0.01996374433252984
3_0.mp4,FrameDifference,0.5%,121,19.333333333333332,0.7933884297520661,0.01996374433252984
3_0.mp4,FrameDifference,1.0%,99,34.0,0.6868686868686869,0.022589786756453425
3_0.mp4,FrameDifference,2.0%,50,66.66666666666666,0.38,0.03055193142361112
3_0.mp4,FrameDifference,5.0%,1,99.33333333333333,0.0,0.050691189236111114
3_0.mp4,FrameDifference,10.0%,0,100.0,0.0,0.0
3_0.mp4,MOG2,0.0%,149,0.6666666666666667,0.9865771812080537,0.20332639325829605
3_0.mp4,MOG2,0.5%,149,0.6666666666666667,0.9865771812080537,0.20332639325829605
3_0.mp4,MOG2,1.0%,148,1.3333333333333335,0.9797297297297297,0.20466098178256384
3_0.mp4,MOG2,2.0%,148,1.3333333333333335,0.9797297297297297,0.20466098178256384
3_0.mp4,MOG2,5.0%,139,7.333333333333333,0.9568345323741008,0.21532952544214629
3_0.mp4,MOG2,10.0%,124,17.333333333333336,0.967741935483871,0.23220874635976713
3_0.mp4,KNN,0.0%,150,0.0,0.9933333333333333,0.20677169415509264
3_0.mp4,KNN,0.5%,150,0.0,0.9933333333333333,0.20677169415509264
3_0.mp4,KNN,1.0%,150,0.0,0.9933333333333333,0.20677169415509264
3_0.mp4,KNN,2.0%,150,0.0,0.9933333333333333,0.20677169415509264
3_0.mp4,KNN,5.0%,150,0.0,0.9933333333333333,0.20677169415509264
3_0.mp4,KNN,10.0%,138,8.0,0.9782608695652174,0.21704791918276975
3_0.mp4,GMM,0.0%,146,2.666666666666667,0.9863013698630136,0.029143880208333323
3_0.mp4,GMM,0.5%,146,2.666666666666667,0.9863013698630136,0.029143880208333323
3_0.mp4,GMM,1.0%,132,12.0,0.9848484848484849,0.0313019518097643
3_0.mp4,GMM,2.0%,99,34.0,0.9696969696969697,0.0366189893728956
3_0.mp4,GMM,5.0%,20,86.66666666666667,0.95,0.05713498263888887
3_0.mp4,GMM,10.0%,0,100.0,0.0,0.0
4_0.mp4,Baseline,0.0%,106,0.0,0.9905660377358491,1.0
4_0.mp4,Baseline,0.5%,106,0.0,0.9905660377358491,1.0
4_0.mp4,Baseline,1.0%,106,0.0,0.9905660377358491,1.0
4_0.mp4,Baseline,2.0%,106,0.0,0.9905660377358491,1.0
4_0.mp4,Baseline,5.0%,106,0.0,0.9905660377358491,1.0
4_0.mp4,Baseline,10.0%,106,0.0,0.9905660377358491,1.0
4_0.mp4,FrameDifference,0.0%,1,99.05660377358491,0.0,0.059294113005050504
4_0.mp4,FrameDifference,0.5%,1,99.05660377358491,0.0,0.059294113005050504
4_0.mp4,FrameDifference,1.0%,1,99.05660377358491,0.0,0.059294113005050504
4_0.mp4,FrameDifference,2.0%,1,99.05660377358491,0.0,0.059294113005050504
4_0.mp4,FrameDifference,5.0%,1,99.05660377358491,0.0,0.059294113005050504
4_0.mp4,FrameDifference,10.0%,0,100.0,0.0,0.0
4_0.mp4,MOG2,0.0%,69,34.90566037735849,0.9565217391304348,0.11192369803103497
4_0.mp4,MOG2,0.5%,69,34.90566037735849,0.9565217391304348,0.11192369803103497
4_0.mp4,MOG2,1.0%,69,34.90566037735849,0.9565217391304348,0.11192369803103497
4_0.mp4,MOG2,2.0%,69,34.90566037735849,0.9565217391304348,0.11192369803103497
4_0.mp4,MOG2,5.0%,68,35.84905660377358,0.9558823529411765,0.1128383733938651
4_0.mp4,MOG2,10.0%,36,66.0377358490566,0.9166666666666666,0.14998317594346236
4_0.mp4,KNN,0.0%,80,24.528301886792452,0.975,0.13354023634785353
4_0.mp4,KNN,0.5%,80,24.528301886792452,0.975,0.13354023634785353
4_0.mp4,KNN,1.0%,80,24.528301886792452,0.975,0.13354023634785353
4_0.mp4,KNN,2.0%,80,24.528301886792452,0.975,0.13354023634785353
4_0.mp4,KNN,5.0%,79,25.471698113207548,0.9746835443037974,0.13460342647199844
4_0.mp4,KNN,10.0%,35,66.98113207547169,0.9428571428571428,0.2133889114357864
4_0.mp4,GMM,0.0%,0,100.0,0.0,0.0
4_0.mp4,GMM,0.5%,0,100.0,0.0,0.0
4_0.mp4,GMM,1.0%,0,100.0,0.0,0.0
4_0.mp4,GMM,2.0%,0,100.0,0.0,0.0
4_0.mp4,GMM,5.0%,0,100.0,0.0,0.0
4_0.mp4,GMM,10.0%,0,100.0,0.0,0.0
5_0.mp4,Baseline,0.0%,201,0.0,0.9950248756218906,1.0
5_0.mp4,Baseline,0.5%,201,0.0,0.9950248756218906,1.0
5_0.mp4,Baseline,1.0%,201,0.0,0.9950248756218906,1.0
5_0.mp4,Baseline,2.0%,201,0.0,0.9950248756218906,1.0
5_0.mp4,Baseline,5.0%,201,0.0,0.9950248756218906,1.0
5_0.mp4,Baseline,10.0%,201,0.0,0.9950248756218906,1.0
5_0.mp4,FrameDifference,0.0%,72,64.17910447761194,0.0,0.015661379967206786
5_0.mp4,FrameDifference,0.5%,72,64.17910447761194,0.0,0.015661379967206786
5_0.mp4,FrameDifference,1.0%,47,76.61691542288557,0.0,0.020172849253841607
5_0.mp4,FrameDifference,2.0%,20,90.04975124378109,0.0,0.029363118489583333
5_0.mp4,FrameDifference,5.0%,0,100.0,0.0,0.0
5_0.mp4,FrameDifference,10.0%,0,100.0,0.0,0.0
5_0.mp4,MOG2,0.0%,197,1.9900497512437811,0.9746192893401016,0.05870634936371969
5_0.mp4,MOG2,0.5%,197,1.9900497512437811,0.9746192893401016,0.05870634936371969
5_0.mp4,MOG2,1.0%,197,1.9900497512437811,0.9746192893401016,0.05870634936371969
5_0.mp4,MOG2,2.0%,195,2.9850746268656714,0.9641025641025641,0.05911726540242167
5_0.mp4,MOG2,5.0%,81,59.70149253731343,0.9012345679012346,0.09223857863940328
5_0.mp4,MOG2,10.0%,20,90.04975124378109,0.85,0.15658029513888894
5_0.mp4,KNN,0.0%,201,0.0,0.9950248756218906,0.06249719825352405
5_0.mp4,KNN,0.5%,201,0.0,0.9950248756218906,0.06249719825352405
5_0.mp4,KNN,1.0%,201,0.0,0.9950248756218906,0.06249719825352405
5_0.mp4,KNN,2.0%,190,5.472636815920398,0.9789473684210527,0.06496857296235381
5_0.mp4,KNN,5.0%,76,62.189054726368155,0.9210526315789473,0.11694398757309946
5_0.mp4,KNN,10.0%,6,97.01492537313433,0.6666666666666666,0.6696249276620371
5_0.mp4,GMM,0.0%,149,25.870646766169152,0.9664429530201343,0.021109290524794926
5_0.mp4,GMM,0.5%,149,25.870646766169152,0.9664429530201343,0.021109290524794926
5_0.mp4,GMM,1.0%,92,54.22885572139303,0.9239130434782609,0.029354242149758455
5_0.mp4,GMM,2.0%,64,68.1592039800995,0.984375,0.03633923000759549
5_0.mp4,GMM,5.0%,10,95.02487562189054,0.9,0.053590603298611116
5_0.mp4,GMM,10.0%,0,100.0,0.0,0.0
6.mp4,Baseline,0.0%,225,0.0,0.9955555555555555,1.0
6.mp4,Baseline,0.5%,225,0.0,0.9955555555555555,1.0
6.mp4,Baseline,1.0%,225,0.0,0.9955555555555555,1.0
6.mp4,Baseline,2.0%,225,0.0,0.9955555555555555,1.0
6.mp4,Baseline,5.0%,225,0.0,0.9955555555555555,1.0
6.mp4,Baseline,10.0%,225,0.0,0.9955555555555555,1.0
6.mp4,FrameDifference,0.0%,99,56.00000000000001,0.9191919191919192,0.19174638456322488
6.mp4,FrameDifference,0.5%,99,56.00000000000001,0.9191919191919192,0.19174638456322488
6.mp4,FrameDifference,1.0%,99,56.00000000000001,0.9191919191919192,0.19174638456322488
6.mp4,FrameDifference,2.0%,99,56.00000000000001,0.9191919191919192,0.19174638456322488
6.mp4,FrameDifference,5.0%,91,59.55555555555555,0.9230769230769231,0.20440711090125158
6.mp4,FrameDifference,10.0%,78,65.33333333333333,0.9358974358974359,0.22730802153816476
6.mp4,MOG2,0.0%,225,0.0,0.9955555555555555,0.40743549864969136
6.mp4,MOG2,0.5%,225,0.0,0.9955555555555555,0.40743549864969136
6.mp4,MOG2,1.0%,225,0.0,0.9955555555555555,0.40743549864969136
6.mp4,MOG2,2.0%,225,0.0,0.9955555555555555,0.40743549864969136
6.mp4,MOG2,5.0%,225,0.0,0.9955555555555555,0.40743549864969136
6.mp4,MOG2,10.0%,225,0.0,0.9955555555555555,0.40743549864969136
6.mp4,KNN,0.0%,225,0.0,0.9955555555555555,0.4948595839763374
6.mp4,KNN,0.5%,225,0.0,0.9955555555555555,0.4948595839763374
6.mp4,KNN,1.0%,225,0.0,0.9955555555555555,0.4948595839763374
6.mp4,KNN,2.0%,225,0.0,0.9955555555555555,0.4948595839763374
6.mp4,KNN,5.0%,225,0.0,0.9955555555555555,0.4948595839763374
6.mp4,KNN,10.0%,225,0.0,0.9955555555555555,0.4948595839763374
6.mp4,GMM,0.0%,102,54.666666666666664,0.9509803921568627,0.18698379416870917
6.mp4,GMM,0.5%,102,54.666666666666664,0.9509803921568627,0.18698379416870917
6.mp4,GMM,1.0%,102,54.666666666666664,0.9509803921568627,0.18698379416870917
6.mp4,GMM,2.0%,102,54.666666666666664,0.9509803921568627,0.18698379416870917
6.mp4,GMM,5.0%,99,56.00000000000001,0.9494949494949495,0.1912296065399364
6.mp4,GMM,10.0%,83,63.11111111111111,0.9518072289156626,0.21563816028000893
6_0.mp4,Baseline,0.0%,236,0.0,0.9957627118644068,1.0
6_0.mp4,Baseline,0.5%,236,0.0,0.9957627118644068,1.0
6_0.mp4,Baseline,1.0%,236,0.0,0.9957627118644068,1.0
6_0.mp4,Baseline,2.0%,236,0.0,0.9957627118644068,1.0
6_0.mp4,Baseline,5.0%,236,0.0,0.9957627118644068,1.0
6_0.mp4,Baseline,10.0%,236,0.0,0.9957627118644068,1.0
6_0.mp4,FrameDifference,0.0%,0,100.0,0.0,0.0
6_0.mp4,FrameDifference,0.5%,0,100.0,0.0,0.0
6_0.mp4,FrameDifference,1.0%,0,100.0,0.0,0.0
6_0.mp4,FrameDifference,2.0%,0,100.0,0.0,0.0
6_0.mp4,FrameDifference,5.0%,0,100.0,0.0,0.0
6_0.mp4,FrameDifference,10.0%,0,100.0,0.0,0.0
6_0.mp4,MOG2,0.0%,100,57.6271186440678,0.94,0.051110286458333355
6_0.mp4,MOG2,0.5%,100,57.6271186440678,0.94,0.051110286458333355
6_0.mp4,MOG2,1.0%,100,57.6271186440678,0.94,0.051110286458333355
6_0.mp4,MOG2,2.0%,87,63.13559322033898,0.9310344827586207,0.05631067409003833
6_0.mp4,MOG2,5.0%,29,87.71186440677965,0.6551724137931034,0.09086979166666669
6_0.mp4,MOG2,10.0%,1,99.57627118644068,0.0,1.0
6_0.mp4,KNN,0.0%,60,74.57627118644068,0.9333333333333333,0.08348012152777781
6_0.mp4,KNN,0.5%,60,74.57627118644068,0.9333333333333333,0.08348012152777781
6_0.mp4,KNN,1.0%,60,74.57627118644068,0.9333333333333333,0.08348012152777781
6_0.mp4,KNN,2.0%,24,89.83050847457628,0.8333333333333334,0.18363856336805554
6_0.mp4,KNN,5.0%,4,98.30508474576271,0.75,0.996236328125
6_0.mp4,KNN,10.0%,4,98.30508474576271,0.75,0.996236328125
6_0.mp4,GMM,0.0%,0,100.0,0.0,0.0
6_0.mp4,GMM,0.5%,0,100.0,0.0,0.0
6_0.mp4,GMM,1.0%,0,100.0,0.0,0.0
6_0.mp4,GMM,2.0%,0,100.0,0.0,0.0
6_0.mp4,GMM,5.0%,0,100.0,0.0,0.0
6_0.mp4,GMM,10.0%,0,100.0,0.0,0.0
7.mp4,Baseline,0.0%,180,0.0,0.9944444444444445,1.0
7.mp4,Baseline,0.5%,180,0.0,0.9944444444444445,1.0
7.mp4,Baseline,1.0%,180,0.0,0.9944444444444445,1.0
7.mp4,Baseline,2.0%,180,0.0,0.9944444444444445,1.0
7.mp4,Baseline,5.0%,180,0.0,0.9944444444444445,1.0
7.mp4,Baseline,10.0%,180,0.0,0.9944444444444445,1.0
7.mp4,FrameDifference,0.0%,41,77.22222222222223,0.8292682926829268,0.18478381374722833
7.mp4,FrameDifference,0.5%,41,77.22222222222223,0.8292682926829268,0.18478381374722833
7.mp4,FrameDifference,1.0%,41,77.22222222222223,0.8292682926829268,0.18478381374722833
7.mp4,FrameDifference,2.0%,41,77.22222222222223,0.8292682926829268,0.18478381374722833
7.mp4,FrameDifference,5.0%,41,77.22222222222223,0.8292682926829268,0.18478381374722833
7.mp4,FrameDifference,10.0%,33,81.66666666666667,0.8181818181818182,0.2095666258545046
7.mp4,MOG2,0.0%,175,2.7777777777777777,0.9885714285714285,0.41263524130190804
7.mp4,MOG2,0.5%,175,2.7777777777777777,0.9885714285714285,0.41263524130190804
7.mp4,MOG2,1.0%,175,2.7777777777777777,0.9885714285714285,0.41263524130190804
7.mp4,MOG2,2.0%,175,2.7777777777777777,0.9885714285714285,0.41263524130190804
7.mp4,MOG2,5.0%,175,2.7777777777777777,0.9885714285714285,0.41263524130190804
7.mp4,MOG2,10.0%,173,3.888888888888889,0.9884393063583815,0.4164190881194736
7.mp4,KNN,0.0%,180,0.0,0.9944444444444445,0.5768249625888511
7.mp4,KNN,0.5%,180,0.0,0.9944444444444445,0.5768249625888511
7.mp4,KNN,1.0%,180,0.0,0.9944444444444445,0.5768249625888511
7.mp4,KNN,2.0%,180,0.0,0.9944444444444445,0.5768249625888511
7.mp4,KNN,5.0%,180,0.0,0.9944444444444445,0.5768249625888511
7.mp4,KNN,10.0%,180,0.0,0.9944444444444445,0.5768249625888511
7.mp4,GMM,0.0%,86,52.22222222222223,0.9534883720930233,0.28996554694229126
7.mp4,GMM,0.5%,86,52.22222222222223,0.9534883720930233,0.28996554694229126
7.mp4,GMM,1.0%,86,52.22222222222223,0.9534883720930233,0.28996554694229126
7.mp4,GMM,2.0%,86,52.22222222222223,0.9534883720930233,0.28996554694229126
7.mp4,GMM,5.0%,86,52.22222222222223,0.9534883720930233,0.28996554694229126
7.mp4,GMM,10.0%,68,62.22222222222222,0.9705882352941176,0.3447501980590218
7_0.mp4,Baseline,0.0%,101,0.0,0.9900990099009901,1.0
7_0.mp4,Baseline,0.5%,101,0.0,0.9900990099009901,1.0
7_0.mp4,Baseline,1.0%,101,0.0,0.9900990099009901,1.0
7_0.mp4,Baseline,2.0%,101,0.0,0.9900990099009901,1.0
7_0.mp4,Baseline,5.0%,101,0.0,0.9900990099009901,1.0
7_0.mp4,Baseline,10.0%,101,0.0,0.9900990099009901,1.0
7_0.mp4,FrameDifference,0.0%,100,0.9900990099009901,0.99,0.12250569661458338
7_0.mp4,FrameDifference,0.5%,100,0.9900990099009901,0.99,0.12250569661458338
7_0.mp4,FrameDifference,1.0%,100,0.9900990099009901,0.99,0.12250569661458338
7_0.mp4,FrameDifference,2.0%,93,7.920792079207921,0.9139784946236559,0.1305185815225508
7_0.mp4,FrameDifference,5.0%,82,18.81188118811881,0.8414634146341463,0.14335027100271003
7_0.mp4,FrameDifference,10.0%,55,45.54455445544555,0.5272727272727272,0.1782155539772727
7_0.mp4,MOG2,0.0%,101,0.0,0.9900990099009901,0.23702586762582523
7_0.mp4,MOG2,0.5%,101,0.0,0.9900990099009901,0.23702586762582523
7_0.mp4,MOG2,1.0%,101,0.0,0.9900990099009901,0.23702586762582523
7_0.mp4,MOG2,2.0%,101,0.0,0.9900990099009901,0.23702586762582523
7_0.mp4,MOG2,5.0%,101,0.0,0.9900990099009901,0.23702586762582523
7_0.mp4,MOG2,10.0%,100,0.9900990099009901,0.98,0.2384575737847224
7_0.mp4,KNN,0.0%,101,0.0,0.9900990099009901,0.3520740081820683
7_0.mp4,KNN,0.5%,101,0.0,0.9900990099009901,0.3520740081820683
7_0.mp4,KNN,1.0%,101,0.0,0.9900990099009901,0.3520740081820683
7_0.mp4,KNN,2.0%,101,0.0,0.9900990099009901,0.3520740081820683
7_0.mp4,KNN,5.0%,101,0.0,0.9900990099009901,0.3520740081820683
7_0.mp4,KNN,10.0%,101,0.0,0.9900990099009901,0.3520740081820683
7_0.mp4,GMM,0.0%,100,0.9900990099009901,0.99,0.05832309027777779
7_0.mp4,GMM,0.5%,100,0.9900990099009901,0.99,0.05832309027777779
7_0.mp4,GMM,1.0%,100,0.9900990099009901,0.99,0.05832309027777779
7_0.mp4,GMM,2.0%,96,4.9504950495049505,0.9583333333333334,0.059998914930555564
7_0.mp4,GMM,5.0%,53,47.524752475247524,0.8679245283018868,0.07913317282494758
7_0.mp4,GMM,10.0%,7,93.06930693069307,0.5714285714285714,0.11160993303571429
8.mp4,Baseline,0.0%,241,0.0,0.995850622406639,1.0
8.mp4,Baseline,0.5%,241,0.0,0.995850622406639,1.0
8.mp4,Baseline,1.0%,241,0.0,0.995850622406639,1.0
8.mp4,Baseline,2.0%,241,0.0,0.995850622406639,1.0
8.mp4,Baseline,5.0%,241,0.0,0.995850622406639,1.0
8.mp4,Baseline,10.0%,241,0.0,0.995850622406639,1.0
8.mp4,FrameDifference,0.0%,230,4.564315352697095,0.991304347826087,0.20048308706974638
8.mp4,FrameDifference,0.5%,230,4.564315352697095,0.991304347826087,0.20048308706974638
8.mp4,FrameDifference,1.0%,227,5.809128630705394,0.986784140969163,0.20303016875458887
8.mp4,FrameDifference,2.0%,216,10.37344398340249,0.9722222222222222,0.21262278364519036
8.mp4,FrameDifference,5.0%,188,21.991701244813278,0.9680851063829787,0.2392669317006501
8.mp4,FrameDifference,10.0%,174,27.800829875518673,0.9712643678160919,0.2527638839000639
8.mp4,MOG2,0.0%,241,0.0,0.995850622406639,0.6166035030183837
8.mp4,MOG2,0.5%,241,0.0,0.995850622406639,0.6166035030183837
8.mp4,MOG2,1.0%,241,0.0,0.995850622406639,0.6166035030183837
8.mp4,MOG2,2.0%,241,0.0,0.995850622406639,0.6166035030183837
8.mp4,MOG2,5.0%,241,0.0,0.995850622406639,0.6166035030183837
8.mp4,MOG2,10.0%,241,0.0,0.995850622406639,0.6166035030183837
8.mp4,KNN,0.0%,241,0.0,0.995850622406639,0.8142314241513948
8.mp4,KNN,0.5%,241,0.0,0.995850622406639,0.8142314241513948
8.mp4,KNN,1.0%,241,0.0,0.995850622406639,0.8142314241513948
8.mp4,KNN,2.0%,241,0.0,0.995850622406639,0.8142314241513948
8.mp4,KNN,5.0%,241,0.0,0.995850622406639,0.8142314241513948
8.mp4,KNN,10.0%,241,0.0,0.995850622406639,0.8142314241513948
8.mp4,GMM,0.0%,240,0.4149377593360996,0.9958333333333333,0.08011850314670142
8.mp4,GMM,0.5%,240,0.4149377593360996,0.9958333333333333,0.08011850314670142
8.mp4,GMM,1.0%,240,0.4149377593360996,0.9958333333333333,0.08011850314670142
8.mp4,GMM,2.0%,202,16.182572614107883,0.9752475247524752,0.0920819528241887
8.mp4,GMM,5.0%,89,63.07053941908713,0.9438202247191011,0.16676898018102373
8.mp4,GMM,10.0%,40,83.40248962655602,0.875,0.28439491102430553
9.mp4,Baseline,0.0%,239,0.0,0.99581589958159,1.0
9.mp4,Baseline,0.5%,239,0.0,0.99581589958159,1.0
9.mp4,Baseline,1.0%,239,0.0,0.99581589958159,1.0
9.mp4,Baseline,2.0%,239,0.0,0.99581589958159,1.0
9.mp4,Baseline,5.0%,239,0.0,0.99581589958159,1.0
9.mp4,Baseline,10.0%,239,0.0,0.99581589958159,1.0
9.mp4,FrameDifference,0.0%,238,0.41841004184100417,0.9957983193277311,0.07945310676353874
9.mp4,FrameDifference,0.5%,238,0.41841004184100417,0.9957983193277311,0.07945310676353874
9.mp4,FrameDifference,1.0%,238,0.41841004184100417,0.9957983193277311,0.07945310676353874
9.mp4,FrameDifference,2.0%,238,0.41841004184100417,0.9957983193277311,0.07945310676353874
9.mp4,FrameDifference,5.0%,191,20.0836820083682,0.9267015706806283,0.08908313336241999
9.mp4,FrameDifference,10.0%,43,82.00836820083683,0.8372093023255814,0.16416982093830754
9.mp4,MOG2,0.0%,239,0.0,0.99581589958159,0.4242466576229081
9.mp4,MOG2,0.5%,239,0.0,0.99581589958159,0.4242466576229081
9.mp4,MOG2,1.0%,239,0.0,0.99581589958159,0.4242466576229081
9.mp4,MOG2,2.0%,239,0.0,0.99581589958159,0.4242466576229081
9.mp4,MOG2,5.0%,239,0.0,0.99581589958159,0.4242466576229081
9.mp4,MOG2,10.0%,235,1.6736401673640167,0.9872340425531915,0.4298752216312059
9.mp4,KNN,0.0%,239,0.0,0.99581589958159,0.6198053140254536
9.mp4,KNN,0.5%,239,0.0,0.99581589958159,0.6198053140254536
9.mp4,KNN,1.0%,239,0.0,0.99581589958159,0.6198053140254536
9.mp4,KNN,2.0%,239,0.0,0.99581589958159,0.6198053140254536
9.mp4,KNN,5.0%,239,0.0,0.99581589958159,0.6198053140254536
9.mp4,KNN,10.0%,239,0.0,0.99581589958159,0.6198053140254536
9.mp4,GMM,0.0%,238,0.41841004184100417,0.9957983193277311,0.13988280338176934
9.mp4,GMM,0.5%,238,0.41841004184100417,0.9957983193277311,0.13988280338176934
9.mp4,GMM,1.0%,238,0.41841004184100417,0.9957983193277311,0.13988280338176934
9.mp4,GMM,2.0%,238,0.41841004184100417,0.9957983193277311,0.13988280338176934
9.mp4,GMM,5.0%,230,3.765690376569038,0.9956521739130435,0.14341152909873184
9.mp4,GMM,10.0%,185,22.594142259414227,0.9837837837837838,0.15977960186749246
9_0.mp4,Baseline,0.0%,214,0.0,0.9953271028037384,1.0
9_0.mp4,Baseline,0.5%,214,0.0,0.9953271028037384,1.0
9_0.mp4,Baseline,1.0%,214,0.0,0.9953271028037384,1.0
9_0.mp4,Baseline,2.0%,214,0.0,0.9953271028037384,1.0
9_0.mp4,Baseline,5.0%,214,0.0,0.9953271028037384,1.0
9_0.mp4,Baseline,10.0%,214,0.0,0.9953271028037384,1.0
9_0.mp4,FrameDifference,0.0%,0,100.0,0.0,0.0
9_0.mp4,FrameDifference,0.5%,0,100.0,0.0,0.0
9_0.mp4,FrameDifference,1.0%,0,100.0,0.0,0.0
9_0.mp4,FrameDifference,2.0%,0,100.0,0.0,0.0
9_0.mp4,FrameDifference,5.0%,0,100.0,0.0,0.0
9_0.mp4,FrameDifference,10.0%,0,100.0,0.0,0.0
9_0.mp4,MOG2,0.0%,167,21.962616822429908,0.9640718562874252,0.1432985709452308
9_0.mp4,MOG2,0.5%,167,21.962616822429908,0.9640718562874252,0.1432985709452308
9_0.mp4,MOG2,1.0%,167,21.962616822429908,0.9640718562874252,0.1432985709452308
9_0.mp4,MOG2,2.0%,167,21.962616822429908,0.9640718562874252,0.1432985709452308
9_0.mp4,MOG2,5.0%,166,22.429906542056074,0.963855421686747,0.14386351038624198
9_0.mp4,MOG2,10.0%,112,47.66355140186916,0.9642857142857143,0.17956710309005236
9_0.mp4,KNN,0.0%,131,38.78504672897196,0.9770992366412213,0.15744478118494099
9_0.mp4,KNN,0.5%,131,38.78504672897196,0.9770992366412213,0.15744478118494099
9_0.mp4,KNN,1.0%,131,38.78504672897196,0.9770992366412213,0.15744478118494099
9_0.mp4,KNN,2.0%,131,38.78504672897196,0.9770992366412213,0.15744478118494099
9_0.mp4,KNN,5.0%,131,38.78504672897196,0.9770992366412213,0.15744478118494099
9_0.mp4,KNN,10.0%,101,52.80373831775701,0.9603960396039604,0.17950359489073908
9_0.mp4,GMM,0.0%,0,100.0,0.0,0.0
9_0.mp4,GMM,0.5%,0,100.0,0.0,0.0
9_0.mp4,GMM,1.0%,0,100.0,0.0,0.0
9_0.mp4,GMM,2.0%,0,100.0,0.0,0.0
9_0.mp4,GMM,5.0%,0,100.0,0.0,0.0
9_0.mp4,GMM,10.0%,0,100.0,0.0,0.0
