video_name,method,total_frames,motion_frames,discarded_frames,reduction_percentage,processing_time_seconds,fps,continuity_score,avg_segment_length,num_segments,average_motion_area_ratio,maximum_motion_area_ratio,minimum_motion_area_ratio
s_11.avi,Baseline,12525,12525,0,0.0,45.75540550000005,273.7381488182852,0.9999201596806387,12525.0,1,1.0,1.0,1.0
s_11.avi,FrameDifference,12525,12216,309,2.467065868263473,79.94205899999997,156.67597453300527,0.9954158480681073,218.14285714285714,56,0.044560484165518145,0.8364344618055556,0.0054296875
s_11.avi,MOG2,12525,12525,0,0.0,206.4185183999998,60.67769547560134,0.9999201596806387,12525.0,1,0.1303942742119927,1.0,0.04025282118055556
s_11.avi,KNN,12525,12525,0,0.0,294.0045516,42.60138127739108,0.9999201596806387,12525.0,1,0.1745244169646826,1.0,0.04973958333333333
s_11.avi,GMM,12525,12466,59,0.47105788423153694,291.4258497999999,42.9783425478408,0.9993582544521097,1558.25,8,0.04212923152711502,0.3928450520833333,0.0054296875
s_12.avi,Baseline,12525,12525,0,0.0,40.41144799999893,309.93692678372554,0.9999201596806387,12525.0,1,1.0,1.0,1.0
s_12.avi,FrameDifference,12525,12441,84,0.6706586826347305,82.69428649999827,151.46149184079678,0.9982316534040672,565.5,22,0.05289217205906311,0.17373155381944444,0.005441623263888889
s_12.avi,MOG2,12525,12525,0,0.0,212.3103597999998,58.99382400274192,0.9999201596806387,12525.0,1,0.19287944666223086,1.0,0.037023654513888886
s_12.avi,KNN,12525,12525,0,0.0,305.9578786000002,40.93700759500557,0.9999201596806387,12525.0,1,0.23482531482174304,1.0,0.04773654513888889
s_12.avi,GMM,12525,12499,26,0.20758483033932137,292.9652061000015,42.75251715633659,0.9997599807984638,4166.333333333333,3,0.0380317213571531,0.18254231770833335,0.005455729166666667
s_15.avi,Baseline,12525,12525,0,0.0,40.9885106999991,305.5734347527849,0.9999201596806387,12525.0,1,1.0,1.0,1.0
s_15.avi,FrameDifference,12525,12486,39,0.31137724550898205,79.99899040000128,156.56447584368266,0.9991991029953547,1248.6,10,0.06801276561693556,0.987724609375,0.0054568142361111115
s_15.avi,MOG2,12525,12525,0,0.0,229.59431799999948,54.5527437660719,0.9999201596806387,12525.0,1,0.25773992189232686,1.0,0.07037326388888888
s_15.avi,KNN,12525,12525,0,0.0,405.1587677000007,30.913807125788576,0.9999201596806387,12525.0,1,0.33800106271831437,1.0,0.08879123263888888
s_15.avi,GMM,12525,12524,1,0.007984031936127746,341.79992520000087,36.644244414831626,0.9999201533056531,12524.0,1,0.06000960482262951,0.5094086371527777,0.005911458333333334
s_18.avi,Baseline,12525,12525,0,0.0,41.870837700000266,299.1342110167507,0.9999201596806387,12525.0,1,1.0,1.0,1.0
s_18.avi,FrameDifference,12525,8602,3923,31.32135728542914,84.54861110000093,148.13963040961016,0.9844222273889793,64.19402985074628,134,0.023196464348770617,0.24597005208333333,0.005426432291666667
s_18.avi,MOG2,12525,12525,0,0.0,179.2505880000008,69.87424777652582,0.9999201596806387,12525.0,1,0.07296018553171447,1.0,0.010690104166666667
s_18.avi,KNN,12525,12525,0,0.0,223.6791161000001,55.995392946744545,0.9999201596806387,12525.0,1,0.08833791176327925,1.0,0.015846354166666667
s_18.avi,GMM,12525,12301,224,1.7884231536926147,303.2054269,41.3086273819593,0.9990244695553208,1025.0833333333333,12,0.03175930474614197,0.3750900607638889,0.005431857638888889
s_20.avi,Baseline,17175,17175,0,0.0,54.43074270000034,315.5385935970316,0.9999417758369723,17175.0,1,1.0,1.0,1.0
s_20.avi,FrameDifference,17175,5592,11583,67.4410480349345,117.77854360000129,145.82452350854007,0.9753218884120172,40.52173913043478,138,0.032763930529787044,0.3072059461805556,0.005427517361111111
s_20.avi,MOG2,17175,13212,3963,23.074235807860262,224.23046049999903,76.59530271535108,0.9969724492885256,330.3,40,0.08237151174647626,1.0,0.005427517361111111
s_20.avi,KNN,17175,14951,2224,12.949053857350801,233.87570159999996,73.43644458360441,0.9970570530399304,339.79545454545456,44,0.06828627081394138,1.0,0.005428602430555556
s_20.avi,GMM,17175,10765,6410,37.3216885007278,394.9136536999995,43.49051960874257,0.9960984672549931,256.3095238095238,42,0.04341694536773625,0.5692849392361111,0.005426432291666667
s_23.avi,Baseline,7450,7450,0,0.0,58.9892032000007,126.29429786907023,0.9998657718120806,7450.0,1,1.0,1.0,1.0
s_23.avi,FrameDifference,7450,7327,123,1.651006711409396,119.27394389999972,62.46125311531698,0.9994540739729767,1831.75,4,0.07846320829531665,0.2446952160493827,0.0024811921296296296
s_23.avi,MOG2,7450,7450,0,0.0,296.5644272999998,25.121016933240277,0.9998657718120806,7450.0,1,0.2284817488244664,1.0,0.058138503086419754
s_23.avi,KNN,7450,7450,0,0.0,474.27541519999977,15.708172427319196,0.9998657718120806,7450.0,1,0.2710451264603535,1.0,0.05807725694444445
s_23.avi,GMM,7450,7449,1,0.013422818791946307,410.7061001999991,18.13949195391088,0.9998657537924553,7449.0,1,0.061874831674315435,0.3286762152777778,0.010770158179012345
s_24.avi,Baseline,12850,12850,0,0.0,93.88553970000066,136.8687876861607,0.9999221789883268,12850.0,1,1.0,1.0,1.0
s_24.avi,FrameDifference,12850,12847,3,0.023346303501945526,178.38584679999985,72.03486280168282,0.9998443216315093,6423.5,2,0.08387462775632411,0.27900800540123455,0.0026258680555555558
s_24.avi,MOG2,12850,12850,0,0.0,658.6482818999993,19.509653867055828,0.9999221789883268,12850.0,1,0.2473657199119113,1.0,0.02734471450617284
s_24.avi,KNN,12850,12850,0,0.0,1148.2685094999997,11.19076234668787,0.9999221789883268,12850.0,1,0.2989539809710802,1.0,0.041890914351851855
s_24.avi,GMM,12850,12849,1,0.007782101167315175,2194.109759500001,5.85658941826515,0.9999221729317457,12849.0,1,0.062446147729767594,0.3647005208333333,0.005348186728395062
1.mp4,Baseline,599,599,0,0.0,1.075513799998589,556.9431094243382,0.998330550918197,599.0,1,1.0,1.0,1.0
1.mp4,FrameDifference,599,113,486,81.13522537562604,1.4049544999979844,426.3483265834298,0.5398230088495575,2.173076923076923,52,0.0823027286135693,0.27490017361111113,0.021714409722222223
1.mp4,MOG2,599,599,0,0.0,4.01580770000146,149.1605287772575,0.998330550918197,599.0,1,0.23496876304257097,1.0,0.022391493055555555
1.mp4,KNN,599,599,0,0.0,7.217885099998966,82.98829805424387,0.998330550918197,599.0,1,0.318120203232239,1.0,0.11994791666666667
1.mp4,GMM,599,574,25,4.173622704507513,17.960654800001066,33.350677170186714,0.9965156794425087,287.0,2,0.13382321761275648,0.7073524305555555,0.021844618055555556
10.mp4,Baseline,241,241,0,0.0,1.4666011000008439,164.32552791611934,0.995850622406639,241.0,1,1.0,1.0,1.0
10.mp4,FrameDifference,241,240,1,0.4149377593360996,2.3102496999999858,104.31772807935069,0.9958333333333333,240.0,1,0.1996097728587963,0.4052322048611111,0.012862413194444445
10.mp4,MOG2,241,241,0,0.0,7.988191799999186,30.169530981970734,0.995850622406639,241.0,1,0.5554622080667931,1.0,0.22586588541666666
10.mp4,KNN,241,241,0,0.0,17.49037110000063,13.77901009773265,0.995850622406639,241.0,1,0.7744824488891769,1.0,0.5530295138888889
10.mp4,GMM,241,240,1,0.4149377593360996,26.92427350000071,8.951030749260278,0.9958333333333333,240.0,1,0.07909034559461811,0.2537651909722222,0.014759114583333333
10_0.mp4,Baseline,1100,1100,0,0.0,1.131493799999589,972.1661753695862,0.9990909090909091,1100.0,1,1.0,1.0,1.0
10_0.mp4,FrameDifference,1100,13,1087,98.81818181818181,1.1190577000015764,982.9698683083548,0.46153846153846156,1.8571428571428572,7,0.08342548076923079,0.09864583333333334,0.06828125
10_0.mp4,MOG2,1100,1040,60,5.454545454545454,19.69563030000063,55.84995165145666,0.9971153846153846,346.6666666666667,3,0.13228976362179476,1.0,0.06528645833333334
10_0.mp4,KNN,1100,1100,0,0.0,37.05936659999861,29.682104712497736,0.9990909090909091,1100.0,1,0.1674398674242427,1.0,0.076953125
10_0.mp4,GMM,1100,339,761,69.18181818181817,13.015055299998494,84.51750489297785,0.9823008849557522,56.5,6,0.0900043786873156,0.1375,0.0651953125
11.mp4,Baseline,181,181,0,0.0,1.2505760000021837,144.73330689193136,0.994475138121547,181.0,1,1.0,1.0,1.0
11.mp4,FrameDifference,181,180,1,0.5524861878453038,1.704408000001422,106.19523024994544,0.9944444444444445,180.0,1,0.19203131028163578,0.3887445746527778,0.013160807291666667
11.mp4,MOG2,181,181,0,0.0,5.542926999998599,32.65422763100538,0.994475138121547,181.0,1,0.44554139569904844,1.0,0.17114583333333333
11.mp4,KNN,181,181,0,0.0,11.648210100000142,15.538868070382572,0.994475138121547,181.0,1,0.6716632795714396,1.0,0.4195366753472222
11.mp4,GMM,181,180,1,0.5524861878453038,19.302775800002564,9.376889721735045,0.9944444444444445,180.0,1,0.09623155984760803,0.3573828125,0.019661458333333333
11_0.mp4,Baseline,106,106,0,0.0,0.8326694999996107,127.30140830191277,0.9905660377358491,106.0,1,1.0,1.0,1.0
11_0.mp4,FrameDifference,106,87,19,17.92452830188679,0.7559252999999444,140.22549582611904,0.8275862068965517,5.8,15,0.05053848365744232,0.15613402915838304,0.007836315440689199
11_0.mp4,MOG2,106,106,0,0.0,1.8075109999990673,58.64417975882564,0.9905660377358491,106.0,1,0.19893258374282607,1.0,0.01567953390766512
11_0.mp4,KNN,106,106,0,0.0,2.760093599998072,38.404494688177984,0.9905660377358491,106.0,1,0.22847709341435662,1.0,0.14741964877402253
11_0.mp4,GMM,106,104,2,1.8867924528301887,8.275406500000827,12.809038444212911,0.9903846153846154,104.0,1,0.04283338430952745,0.12189639938148884,0.009548265959796775
12.mp4,Baseline,300,300,0,0.0,1.791578100001061,167.45013795369698,0.9966666666666667,300.0,1,1.0,1.0,1.0
12.mp4,FrameDifference,300,299,1,0.33333333333333337,2.66684449999957,112.49249815654733,0.9966555183946488,299.0,1,0.14220836672008544,0.8595355902777778,0.012748480902777777
12.mp4,MOG2,300,300,0,0.0,9.807884099998773,30.58763714388076,0.9966666666666667,300.0,1,0.5977602683738426,1.0,0.13144856770833332
12.mp4,KNN,300,300,0,0.0,22.43741709999813,13.370522937777228,0.9966666666666667,300.0,1,0.801924482783565,1.0,0.38719835069444447
12.mp4,GMM,300,299,1,0.33333333333333337,37.528403599997546,7.9939451514537545,0.9966555183946488,299.0,1,0.11492466569699941,0.6246516927083333,0.01951605902777778
13_0.mp4,Baseline,346,346,0,0.0,0.6561463999969419,527.3213417030294,0.9971098265895953,346.0,1,1.0,1.0,1.0
13_0.mp4,FrameDifference,346,0,346,100.0,0.48333959999945364,715.852787564667,0.0,0.0,0,0.0,0.0,0.0
13_0.mp4,MOG2,346,342,4,1.1560693641618496,2.010087599999679,172.13180161902162,0.9853801169590644,68.4,5,0.18730386836198235,1.0,0.05557528409090909
13_0.mp4,KNN,346,346,0,0.0,5.567870499999117,62.14224989608772,0.9971098265895953,346.0,1,0.18004036139027546,1.0,0.09501262626262626
13_0.mp4,GMM,346,56,290,83.8150289017341,4.421328500000527,78.25702161690965,0.9821428571428571,56.0,1,0.06019088062545092,0.0741891571969697,0.04938052398989899
14.mp4,Baseline,232,232,0,0.0,1.4480072999976983,160.2201867355011,0.9956896551724138,232.0,1,1.0,1.0,1.0
14.mp4,FrameDifference,232,135,97,41.810344827586206,2.0587019999984477,112.6923663551961,0.8074074074074075,5.1923076923076925,26,0.10072322691615229,0.9947829861111112,0.00640625
14.mp4,MOG2,232,232,0,0.0,7.038958700002695,32.95942054609742,0.9956896551724138,232.0,1,0.5013319554822198,1.0,0.022569444444444444
14.mp4,KNN,232,232,0,0.0,14.629672399998526,15.858181486006712,0.9956896551724138,232.0,1,0.630786034595007,1.0,0.14241861979166667
14.mp4,GMM,232,228,4,1.7241379310344827,29.565954499998043,7.846863188537186,0.9956140350877193,228.0,1,0.1739762845699318,0.7253157552083334,0.007701822916666667
14_0.mp4,Baseline,181,181,0,0.0,0.21839580000232672,828.7705166403002,0.994475138121547,181.0,1,1.0,1.0,1.0
14_0.mp4,FrameDifference,181,0,181,100.0,0.30264680000254884,598.0568768560436,0.0,0.0,0,0.0,0.0,0.0
14_0.mp4,MOG2,181,164,17,9.392265193370166,1.0963691999968432,165.09037284203274,0.9817073170731707,54.666666666666664,3,0.1238641881210478,1.0,0.030364583333333334
14_0.mp4,KNN,181,181,0,0.0,2.383259199999884,75.94641824943288,0.994475138121547,181.0,1,0.09545468206466125,1.0,0.03139467592592592
14_0.mp4,GMM,181,0,181,100.0,4.336407599999802,41.73961875724235,0.0,0.0,0,0.0,0.0,0.0
16.mp4,Baseline,263,263,0,0.0,0.3080246999998053,853.8276313560771,0.9961977186311787,263.0,1,1.0,1.0,1.0
16.mp4,FrameDifference,263,42,221,84.03041825095056,0.4174715999979526,629.9829736951923,0.6666666666666666,3.0,14,0.06773428426248548,0.1446112804878049,0.03948170731707317
16.mp4,MOG2,263,256,7,2.6615969581749046,2.287251900001138,114.98514877170685,0.984375,64.0,4,0.18294347251333837,1.0,0.03854420731707317
16.mp4,KNN,263,263,0,0.0,6.097830000002432,43.130097100098745,0.9961977186311787,263.0,1,0.18607327506259863,1.0,0.05983231707317073
16.mp4,GMM,263,132,131,49.80988593155893,5.3210956000002625,49.4259114607877,0.946969696969697,18.857142857142858,7,0.04942702559127862,0.07591463414634146,0.03823932926829268
16_0.mp4,Baseline,281,281,0,0.0,0.33334409999952186,842.9727719806742,0.99644128113879,281.0,1,1.0,1.0,1.0
16_0.mp4,FrameDifference,281,1,280,99.644128113879,0.38451290000011795,730.7947275628823,0.0,1.0,1,0.05643347537878788,0.05643347537878788,0.05643347537878788
16_0.mp4,MOG2,281,276,5,1.7793594306049825,1.5340204000021913,183.1787895386519,0.9927536231884058,138.0,2,0.1213625155540916,1.0,0.04953835227272727
16_0.mp4,KNN,281,281,0,0.0,2.7059053000011772,103.84694541966334,0.99644128113879,281.0,1,0.17512785635491931,1.0,0.05716343118686869
16_0.mp4,GMM,281,4,277,98.57651245551602,3.7828288999990036,74.28303193942344,0.5,2.0,2,0.05854936079545455,0.06745186237373738,0.050810842803030304
17.mp4,Baseline,391,391,0,0.0,2.8305349000002025,138.13643491905788,0.9974424552429667,391.0,1,1.0,1.0,1.0
17.mp4,FrameDifference,391,116,275,70.33248081841433,3.184849799999938,122.76874093089339,0.6724137931034483,3.0526315789473686,38,0.013610587284482762,0.03767469618055556,0.005454644097222222
17.mp4,MOG2,391,388,3,0.7672634271099744,7.081524000001082,55.21410363079194,0.9896907216494846,97.0,4,0.03909427184009882,1.0,0.00771484375
17.mp4,KNN,391,391,0,0.0,7.104196699998283,55.03789049085514,0.9974424552429667,391.0,1,0.045383323675937705,1.0,0.008255208333333333
17.mp4,GMM,391,302,89,22.762148337595907,38.51523450000241,10.151827064689833,0.9933774834437086,151.0,2,0.018384963955573947,0.057391493055555555,0.0055023871527777775
17_0.mp4,Baseline,56,56,0,0.0,0.026300100002117688,2129.269470286838,0.9821428571428571,56.0,1,1.0,1.0,1.0
17_0.mp4,FrameDifference,56,1,55,98.21428571428571,0.09805789999882109,571.0911614533176,0.0,1.0,1,0.09829931972789116,0.09829931972789116,0.09829931972789116
17_0.mp4,MOG2,56,45,11,19.642857142857142,0.5764377000014065,97.14839955794592,0.9555555555555556,22.5,2,0.16896006550768458,1.0,0.07354024943310658
17_0.mp4,KNN,56,56,0,0.0,1.155539499999577,48.462211806710634,0.9821428571428571,56.0,1,0.2415530349044379,1.0,0.10804988662131519
17_0.mp4,GMM,56,27,29,51.78571428571429,0.40738430000055814,137.46234206846773,0.9629629629629629,27.0,1,0.10182140757537583,0.13211451247165532,0.07246315192743764
18_0.mp4,Baseline,284,284,0,0.0,2.3926642000005813,118.6961379703558,0.9964788732394366,284.0,1,1.0,1.0,1.0
18_0.mp4,FrameDifference,284,169,115,40.49295774647887,2.1441554999983055,132.45308001225865,0.39644970414201186,1.6568627450980393,102,0.04773458045693624,0.3251507040895062,0.006117380401234568
18_0.mp4,MOG2,284,282,2,0.7042253521126761,6.331112799998664,44.85783289156686,0.9893617021276596,94.0,3,0.17784958987966248,1.0,0.014947434413580247
18_0.mp4,KNN,284,284,0,0.0,8.719804700001987,32.56953679248519,0.9964788732394366,284.0,1,0.19324837613159682,1.0,0.06702112268518519
18_0.mp4,GMM,284,280,4,1.4084507042253522,28.776986299999407,9.868997296635118,0.9964285714285714,280.0,1,0.05569671361744931,0.09700641396604938,0.009833140432098765
1_0.mp4,Baseline,83,83,0,0.0,0.1560479999970994,531.8876243306084,0.9879518072289156,83.0,1,1.0,1.0,1.0
1_0.mp4,FrameDifference,83,22,61,73.49397590361446,0.2323260000011942,357.2566135498109,0.3181818181818182,1.4666666666666666,15,0.020391222252924376,0.029603596757852076,0.015922619047619047
1_0.mp4,MOG2,83,82,1,1.2048192771084338,0.5367329000000609,154.63930010623642,0.975609756097561,41.0,2,0.11935774828872908,1.0,0.0169104609929078
1_0.mp4,KNN,83,83,0,0.0,0.7653251999981876,108.45062987628862,0.9879518072289156,83.0,1,0.12043413013757148,1.0,0.025082320162107395
1_0.mp4,GMM,83,9,74,89.1566265060241,2.5497427999980573,32.55230292249996,0.8888888888888888,9.0,1,0.0172369272768209,0.017882472137791285,0.01604293313069909
20_0.mp4,Baseline,481,481,0,0.0,0.5633460999997624,853.8268038071142,0.997920997920998,481.0,1,1.0,1.0,1.0
20_0.mp4,FrameDifference,481,0,481,100.0,0.7385286999997334,651.2949327496327,0.0,0.0,0,0.0,0.0,0.0
20_0.mp4,MOG2,481,469,12,2.494802494802495,2.683089199999813,179.2709687028048,0.9914712153518124,117.25,4,0.08577322050136556,1.0,0.04764194139194139
20_0.mp4,KNN,481,481,0,0.0,3.303308000002289,145.61161114848105,0.997920997920998,481.0,1,0.08474700397777325,1.0,0.050824175824175824
20_0.mp4,GMM,481,42,439,91.26819126819127,7.189206999999442,66.90584928213048,0.8809523809523809,8.4,5,0.03971742543171115,0.041788766788766786,0.03825549450549451
21_0.mp4,Baseline,310,310,0,0.0,2.828726600000664,109.58994764638167,0.9967741935483871,310.0,1,1.0,1.0,1.0
21_0.mp4,FrameDifference,310,220,90,29.03225806451613,3.6088715999976557,85.89942629164234,0.6272727272727273,2.682926829268293,82,0.02676089508364899,0.08464952256944444,0.005437282986111111
21_0.mp4,MOG2,310,307,3,0.967741935483871,8.423750899997685,36.80070834004424,0.9869706840390879,76.75,4,0.2070204770629749,1.0,0.005516493055555556
21_0.mp4,KNN,310,310,0,0.0,11.391385800001444,27.21354587077199,0.9967741935483871,310.0,1,0.2223840620799731,1.0,0.08981770833333333
21_0.mp4,GMM,310,307,3,0.967741935483871,33.596010899997054,9.227285969240686,0.996742671009772,307.0,1,0.059290000537233115,0.11010633680555555,0.010308159722222222
22_0.mp4,Baseline,57,57,0,0.0,0.10614649999843095,536.9936832664531,0.9824561403508771,57.0,1,1.0,1.0,1.0
22_0.mp4,FrameDifference,57,33,24,42.10526315789473,0.11938720000034664,477.43811731772337,0.9090909090909091,11.0,3,0.03757382856341189,0.06398148148148149,0.02927662037037037
22_0.mp4,MOG2,57,57,0,0.0,0.2693250000011176,211.64021163933342,0.9824561403508771,57.0,1,0.1271569403833658,1.0,0.029583333333333333
22_0.mp4,KNN,57,57,0,0.0,0.4849862999981269,117.52909309029995,0.9824561403508771,57.0,1,0.16649183723196886,1.0,0.0614525462962963
22_0.mp4,GMM,57,23,34,59.64912280701754,1.4750764000018535,38.64206626851896,0.9565217391304348,23.0,1,0.039672151771336546,0.04918402777777778,0.02929976851851852
23_0.mp4,Baseline,71,71,0,0.0,0.06812150000041584,1042.2553819215166,0.9859154929577465,71.0,1,1.0,1.0,1.0
23_0.mp4,FrameDifference,71,11,60,84.50704225352112,0.11763210000208346,603.5767447724088,0.8181818181818182,5.5,2,0.05190577651515151,0.06012271148989899,0.04942984532828283
23_0.mp4,MOG2,71,62,9,12.676056338028168,0.4401158000000578,161.32117956226674,0.9193548387096774,12.4,5,0.1524780313212773,1.0,0.049873737373737376
23_0.mp4,KNN,71,71,0,0.0,1.0511662999997498,67.54402229220715,0.9859154929577465,71.0,1,0.17095178790546306,1.0,0.06547900883838384
23_0.mp4,GMM,71,18,53,74.64788732394366,1.0788460999974632,65.81105497824662,0.9444444444444444,18.0,1,0.06211419753086421,0.06754064078282829,0.05043600063131313
24_0.mp4,Baseline,131,131,0,0.0,0.2964105999999447,441.9545050009158,0.9923664122137404,131.0,1,1.0,1.0,1.0
24_0.mp4,FrameDifference,131,60,71,54.19847328244275,0.309936600002402,422.66708739459864,0.5333333333333333,2.142857142857143,28,0.049517859256628785,0.15174449573863635,0.02220791903409091
24_0.mp4,MOG2,131,131,0,0.0,0.9359576999995625,139.963590234966,0.9923664122137404,131.0,1,0.22473464743450733,1.0,0.06447531960227272
24_0.mp4,KNN,131,131,0,0.0,1.9237675000003946,68.09554688909815,0.9923664122137404,131.0,1,0.32601295487074955,1.0,0.11654829545454545
24_0.mp4,GMM,131,101,30,22.900763358778626,4.8266886999990675,27.140760082585253,0.9702970297029703,33.666666666666664,3,0.09062302226316381,0.1513094815340909,0.022585227272727274
25_0.mp4,Baseline,106,106,0,0.0,1.352852800002438,78.3529442373989,0.9905660377358491,106.0,1,1.0,1.0,1.0
25_0.mp4,FrameDifference,106,105,1,0.9433962264150944,0.8483887000002142,124.94272967093178,0.9904761904761905,105.0,1,0.04881093956679896,0.08719835069444444,0.020256076388888888
25_0.mp4,MOG2,106,106,0,0.0,2.2561821000017517,46.98202330384489,0.9905660377358491,106.0,1,0.17597624516837004,1.0,0.07990451388888889
25_0.mp4,KNN,106,106,0,0.0,3.3187045000013313,31.940174245690592,0.9905660377358491,106.0,1,0.2161848548873166,1.0,0.12049045138888889
25_0.mp4,GMM,106,105,1,0.9433962264150944,13.70169850000093,7.73626714965249,0.9904761904761905,105.0,1,0.05059018477182539,0.09374565972222222,0.012954644097222223
26_0.mp4,Baseline,226,226,0,0.0,0.21808059999966645,1036.314096716286,0.995575221238938,226.0,1,1.0,1.0,1.0
26_0.mp4,FrameDifference,226,0,226,100.0,0.28581080000003567,790.7328904295142,0.0,0.0,0,0.0,0.0,0.0
26_0.mp4,MOG2,226,193,33,14.601769911504425,5.343639299997449,42.29327379939509,0.9689119170984456,32.166666666666664,6,0.14127949204293117,1.0,0.08830357142857143
26_0.mp4,KNN,226,178,48,21.238938053097346,5.887246400001459,38.38806542901687,0.9831460674157303,59.333333333333336,3,0.10269493629614766,1.0,0.05964285714285714
26_0.mp4,GMM,226,0,226,100.0,2.30993479999961,97.83825933097253,0.0,0.0,0,0.0,0.0,0.0
27_0.mp4,Baseline,201,201,0,0.0,0.26725340000120923,752.095202527229,0.9950248756218906,201.0,1,1.0,1.0,1.0
27_0.mp4,FrameDifference,201,6,195,97.01492537313433,0.35209020000183955,570.8764401819473,0.3333333333333333,1.5,4,0.05536554783950617,0.11928819444444444,0.02958912037037037
27_0.mp4,MOG2,201,201,0,0.0,1.301167900001019,154.4766052097063,0.9950248756218906,201.0,1,0.3473150451446472,1.0,0.14049768518518518
27_0.mp4,KNN,201,201,0,0.0,3.4006466000028013,59.10640641101443,0.9950248756218906,201.0,1,0.45474505366685075,1.0,0.3573900462962963
27_0.mp4,GMM,201,191,10,4.975124378109453,5.738264899999194,35.02800994775062,0.9895287958115183,95.5,2,0.05953391627884433,0.10991319444444445,0.03002314814814815
2_0.mp4,Baseline,91,91,0,0.0,0.15779029999976046,576.7147917212791,0.989010989010989,91.0,1,1.0,1.0,1.0
2_0.mp4,FrameDifference,91,23,68,74.72527472527473,0.2942406000001938,309.27071247115475,0.17391304347826086,1.2105263157894737,19,0.03603226130187747,0.06113725142045454,0.023646129261363637
2_0.mp4,MOG2,91,86,5,5.4945054945054945,0.5718975999989198,159.11939480104812,0.9302325581395349,14.333333333333334,6,0.10845913715644821,1.0,0.03967950994318182
2_0.mp4,KNN,91,91,0,0.0,0.8985945999993419,101.26924866905125,0.989010989010989,91.0,1,0.12699692885239758,1.0,0.061088423295454546
2_0.mp4,GMM,91,41,50,54.94505494505495,2.0070494999999937,45.340187175254165,0.8536585365853658,6.833333333333333,6,0.026333083598946795,0.03797496448863636,0.02233220880681818
30_0.mp4,Baseline,66,66,0,0.0,0.6567252999993798,100.49864075597868,0.9848484848484849,66.0,1,1.0,1.0,1.0
30_0.mp4,FrameDifference,66,65,1,1.5151515151515151,0.5175602999988769,127.52137287219136,0.9846153846153847,65.0,1,0.04846206144283066,0.07899791181041181,0.010755390442890443
30_0.mp4,MOG2,66,66,0,0.0,1.1766115999998874,56.09327665986492,0.9848484848484849,66.0,1,0.14213711635586643,1.0,0.049547154234654237
30_0.mp4,KNN,66,66,0,0.0,1.8050674999976764,36.563729611266595,0.9848484848484849,66.0,1,0.21247772377033747,1.0,0.10039457070707071
30_0.mp4,GMM,66,65,1,1.5151515151515151,6.414943799998582,10.288476728356464,0.9846153846153847,65.0,1,0.032487915396569235,0.05768502331002331,0.012045940170940172
3_0.mp4,Baseline,150,150,0,0.0,1.573922900002799,95.30327057299519,0.9933333333333333,150.0,1,1.0,1.0,1.0
3_0.mp4,FrameDifference,150,121,29,19.333333333333332,1.2111728999989282,123.84689254534406,0.7933884297520661,4.84,25,0.01996374433252984,0.050691189236111114,0.006317274305555555
3_0.mp4,MOG2,150,149,1,0.6666666666666667,3.4555240999980015,43.408755273935654,0.9865771812080537,74.5,2,0.20332639325829605,1.0,0.005807291666666666
3_0.mp4,KNN,150,150,0,0.0,5.155326500000228,29.09612029422256,0.9933333333333333,150.0,1,0.20677169415509264,1.0,0.058092447916666665
3_0.mp4,GMM,150,146,4,2.666666666666667,14.288539500001207,10.497923878083364,0.9863013698630136,73.0,2,0.029143880208333323,0.06144097222222222,0.005904947916666667
4_0.mp4,Baseline,106,106,0,0.0,0.07372430000032182,1437.789168558227,0.9905660377358491,106.0,1,1.0,1.0,1.0
4_0.mp4,FrameDifference,106,1,105,99.05660377358491,0.13942540000061854,760.2631945078139,0.0,1.0,1,0.059294113005050504,0.059294113005050504,0.059294113005050504
4_0.mp4,MOG2,106,69,37,34.90566037735849,0.5387485999999626,196.75225142117745,0.9565217391304348,23.0,3,0.11192369803103497,1.0,0.049725773358585856
4_0.mp4,KNN,106,80,26,24.528301886792452,1.1128361000010045,95.2521220329789,0.975,40.0,2,0.13354023634785353,1.0,0.04954821654040404
4_0.mp4,GMM,106,0,106,100.0,1.2301573000004282,86.16784211251935,0.0,0.0,0,0.0,0.0,0.0
5_0.mp4,Baseline,201,201,0,0.0,1.849772599998687,108.6620052649405,0.9950248756218906,201.0,1,1.0,1.0,1.0
5_0.mp4,FrameDifference,201,72,129,64.17910447761194,1.749973999998474,114.85884933157594,0.0,1.0,72,0.015661379967206786,0.03749891493055556,0.005496961805555555
5_0.mp4,MOG2,201,197,4,1.9900497512437811,5.200262800000928,38.65189274664429,0.9746192893401016,39.4,5,0.05870634936371969,1.0,0.01758029513888889
5_0.mp4,KNN,201,201,0,0.0,4.664184900000691,43.09434645268249,0.9950248756218906,201.0,1,0.06249719825352405,1.0,0.019543185763888887
5_0.mp4,GMM,201,149,52,25.870646766169152,22.88330270000006,8.783697119035159,0.9664429530201343,29.8,5,0.021109290524794926,0.054982638888888886,0.0054839409722222225
6.mp4,Baseline,225,225,0,0.0,0.41529630000150064,541.7818555069886,0.9955555555555555,225.0,1,1.0,1.0,1.0
6.mp4,FrameDifference,225,99,126,56.00000000000001,0.41716440000163857,539.3557072442333,0.9191919191919192,12.375,8,0.19174638456322488,0.8856155960648148,0.045572916666666664
6.mp4,MOG2,225,225,0,0.0,2.371442299998307,94.87896880314592,0.9955555555555555,225.0,1,0.40743549864969136,1.0,0.11657262731481481
6.mp4,KNN,225,225,0,0.0,4.460468999997829,50.44312604798049,0.9955555555555555,225.0,1,0.4948595839763374,1.0,0.11897786458333333
6.mp4,GMM,225,102,123,54.666666666666664,4.247454899999866,52.97289913543452,0.9509803921568627,20.4,5,0.18698379416870917,0.4514793113425926,0.04538302951388889
6_0.mp4,Baseline,236,236,0,0.0,1.4713259999989532,160.39953076352074,0.9957627118644068,236.0,1,1.0,1.0,1.0
6_0.mp4,FrameDifference,236,0,236,100.0,0.9401985999975295,251.01079708119127,0.0,0.0,0,0.0,0.0,0.0
6_0.mp4,MOG2,236,100,136,57.6271186440678,1.9176999000010255,123.06409360498678,0.94,16.666666666666668,6,0.051110286458333355,1.0,0.01309375
6_0.mp4,KNN,236,60,176,74.57627118644068,1.916094799998973,123.16718358618085,0.9333333333333333,15.0,4,0.08348012152777781,1.0,0.013263020833333333
6_0.mp4,GMM,236,0,236,100.0,11.319554500001686,20.848877047234044,0.0,0.0,0,0.0,0.0,0.0
7.mp4,Baseline,180,180,0,0.0,0.16466709999804152,1093.1145323026933,0.9944444444444445,180.0,1,1.0,1.0,1.0
7.mp4,FrameDifference,180,41,139,77.22222222222223,0.2474130000009609,727.52846454835,0.8292682926829268,5.857142857142857,7,0.18478381374722833,0.5900392817059483,0.0720398428731762
7.mp4,MOG2,180,175,5,2.7777777777777777,3.98148829999991,45.20922490215633,0.9885714285714285,87.5,2,0.41263524130190804,1.0,0.07578563411896745
7.mp4,KNN,180,180,0,0.0,9.175185000000056,19.618133040369095,0.9944444444444445,180.0,1,0.5768249625888511,1.0,0.1706509539842873
7.mp4,GMM,180,86,94,52.22222222222223,1.8633225999983551,96.60162979838215,0.9534883720930233,21.5,4,0.28996554694229126,0.6960718294051628,0.07198372615039282
7_0.mp4,Baseline,101,101,0,0.0,0.7802013000000443,129.45377045641203,0.9900990099009901,101.0,1,1.0,1.0,1.0
7_0.mp4,FrameDifference,101,100,1,0.9900990099009901,0.7569141000021773,133.4365418740508,0.99,100.0,1,0.12250569661458338,0.34077690972222224,0.011996527777777778
7_0.mp4,MOG2,101,101,0,0.0,2.4769087999993644,40.776632551035355,0.9900990099009901,101.0,1,0.23702586762582523,1.0,0.09385525173611112
7_0.mp4,KNN,101,101,0,0.0,4.299779500001023,23.489576616655803,0.9900990099009901,101.0,1,0.3520740081820683,1.0,0.20488932291666667
7_0.mp4,GMM,101,100,1,0.9900990099009901,12.139558099999704,8.319907460223158,0.99,100.0,1,0.05832309027777779,0.12456705729166667,0.015260416666666667
8.mp4,Baseline,241,241,0,0.0,1.333577299999888,180.7169333191411,0.995850622406639,241.0,1,1.0,1.0,1.0
8.mp4,FrameDifference,241,230,11,4.564315352697095,2.0353886999982933,118.40490221853058,0.991304347826087,115.0,2,0.20048308706974638,0.9991026475694444,0.006471354166666667
8.mp4,MOG2,241,241,0,0.0,7.897501200000988,30.51598143473151,0.995850622406639,241.0,1,0.6166035030183837,1.0,0.11736328125
8.mp4,KNN,241,241,0,0.0,19.098605399998632,12.618722412057231,0.995850622406639,241.0,1,0.8142314241513948,1.0,0.3363726128472222
8.mp4,GMM,241,240,1,0.4149377593360996,30.421203899997636,7.922105936117102,0.9958333333333333,240.0,1,0.08011850314670142,0.9208713107638888,0.013324652777777777
9.mp4,Baseline,239,239,0,0.0,1.40287410000019,170.36453948359843,0.99581589958159,239.0,1,1.0,1.0,1.0
9.mp4,FrameDifference,239,238,1,0.41841004184100417,2.4108078999997815,99.13689099825069,0.9957983193277311,238.0,1,0.07945310676353874,0.3187934027777778,0.021036241319444444
9.mp4,MOG2,239,239,0,0.0,7.518041100000119,31.790195986025697,0.99581589958159,239.0,1,0.4242466576229081,1.0,0.08969943576388889
9.mp4,KNN,239,239,0,0.0,17.29210400000011,13.821337183722612,0.99581589958159,239.0,1,0.6198053140254536,1.0,0.23221028645833333
9.mp4,GMM,239,238,1,0.41841004184100417,20.918425500000012,11.425334091229756,0.9957983193277311,238.0,1,0.13988280338176934,0.24617513020833334,0.02155490451388889
9_0.mp4,Baseline,214,214,0,0.0,0.3806774000004225,562.1557780938991,0.9953271028037384,214.0,1,1.0,1.0,1.0
9_0.mp4,FrameDifference,214,0,214,100.0,0.6596027999985381,324.4376767358694,0.0,0.0,0,0.0,0.0,0.0
9_0.mp4,MOG2,214,167,47,21.962616822429908,1.1156870000013441,191.81006859427615,0.9640718562874252,27.833333333333332,6,0.1432985709452308,1.0,0.049518623737373736
9_0.mp4,KNN,214,131,83,38.78504672897196,1.2310512000003655,173.83517436150217,0.9770992366412213,43.666666666666664,3,0.15744478118494099,1.0,0.060014204545454544
9_0.mp4,GMM,214,0,214,100.0,1.9092716000013752,112.08462955183845,0.0,0.0,0,0.0,0.0,0.0
