ablation_name,video_name,precision,recall,f1_score,roc_auc,latency_ms,fps,frame_reduction_pct,ram_mb,signature_score
Ablation: Motion Triage Removed,1.mp4,1.0,1.0,1.0,1.0,125.05,8.0,19.9,527.1,0.8
Ablation: Motion Triage Removed,10.mp4,1.0,1.0,1.0,1.0,124.54,8.0,31.1,557.8,0.75
Ablation: Motion Triage Removed,30_0.mp4,1.0,1.0,1.0,1.0,76.01,13.2,0.0,535.6,0.8954
Ablation: Motion Triage Removed,6.mp4,1.0,1.0,1.0,1.0,351.03,2.9,12.5,461.0,0.8
Ablation: Motion Triage Removed,s_15.avi,1.0,1.0,1.0,1.0,347.38,2.9,0.3,493.3,0.65
Ablation: Motion Triage Removed,s_20.avi,1.0,1.0,1.0,1.0,160.74,6.2,0.3,485.0,0.2
Ablation: Motion Triage Removed,s_23.avi,1.0,1.0,1.0,1.0,301.66,3.3,0.3,609.2,0.4
Ablation: Motion Triage Removed,s_24.avi,1.0,1.0,1.0,1.0,203.12,4.9,0.3,608.1,0.4
Ablation: Semantic Filtering Removed,1.mp4,1.0,1.0,1.0,1.0,162.88,6.1,0.3,462.9,0.8
Ablation: Semantic Filtering Removed,10.mp4,1.0,1.0,1.0,1.0,183.92,5.4,31.1,623.4,0.75
Ablation: Semantic Filtering Removed,30_0.mp4,1.0,1.0,1.0,1.0,94.53,10.6,0.0,589.9,0.8954
Ablation: Semantic Filtering Removed,6.mp4,1.0,1.0,1.0,1.0,384.26,2.6,6.2,479.4,0.8
Ablation: Semantic Filtering Removed,s_15.avi,1.0,1.0,1.0,1.0,1063.29,0.9,0.3,581.3,0.65
Ablation: Semantic Filtering Removed,s_20.avi,1.0,1.0,1.0,1.0,804.93,1.2,0.3,554.9,0.2
Ablation: Semantic Filtering Removed,s_23.avi,1.0,1.0,1.0,1.0,775.39,1.3,0.3,802.8,0.4
Ablation: Semantic Filtering Removed,s_24.avi,1.0,1.0,1.0,1.0,310.66,3.2,0.3,696.4,0.4
Ablation: Behaviour Graph Removed,1.mp4,0.0,0.0,0.0,0.125,76.38,13.1,19.9,491.7,0.6252
Ablation: Behaviour Graph Removed,10.mp4,1.0,1.0,1.0,0.125,123.41,8.1,31.1,526.1,0.7573
Ablation: Behaviour Graph Removed,30_0.mp4,1.0,1.0,1.0,0.125,94.88,10.5,0.0,583.3,0.8954
Ablation: Behaviour Graph Removed,6.mp4,1.0,1.0,1.0,0.125,68.27,14.7,12.5,479.1,0.9667
Ablation: Behaviour Graph Removed,s_15.avi,0.0,0.0,0.0,0.125,137.48,7.3,0.3,592.0,0.9504
Ablation: Behaviour Graph Removed,s_20.avi,0.0,0.0,0.0,0.125,88.07,11.3,0.3,600.1,0.9066
Ablation: Behaviour Graph Removed,s_23.avi,0.0,0.0,0.0,0.125,182.06,5.5,0.3,744.3,0.9733
Ablation: Behaviour Graph Removed,s_24.avi,0.0,0.0,0.0,0.125,342.62,2.9,0.3,658.4,0.99
Ablation: ROI Selection Removed,1.mp4,0.0,0.0,0.0,0.6875,305.47,3.3,19.9,428.8,0.4
Ablation: ROI Selection Removed,10.mp4,0.0,0.0,0.0,0.6875,595.97,1.7,31.1,495.9,0.4
Ablation: ROI Selection Removed,30_0.mp4,1.0,1.0,1.0,0.6875,264.68,3.8,0.0,504.9,0.8954
Ablation: ROI Selection Removed,6.mp4,0.0,0.0,0.0,0.6875,157.88,6.3,12.5,448.8,0.2
Ablation: ROI Selection Removed,s_15.avi,1.0,1.0,1.0,0.6875,160.48,6.2,0.3,554.9,0.65
Ablation: ROI Selection Removed,s_20.avi,1.0,1.0,1.0,0.6875,86.17,11.6,0.3,561.3,0.2
Ablation: ROI Selection Removed,s_23.avi,1.0,1.0,1.0,0.6875,179.05,5.6,0.3,712.4,0.4
Ablation: ROI Selection Removed,s_24.avi,1.0,1.0,1.0,0.6875,186.63,5.4,0.3,716.0,0.4
Ablation: Pose Estimation Removed,1.mp4,0.0,0.0,0.0,0.6875,75.97,13.2,19.9,458.9,0.4
Ablation: Pose Estimation Removed,10.mp4,0.0,0.0,0.0,0.6875,124.66,8.0,31.1,558.4,0.4
Ablation: Pose Estimation Removed,30_0.mp4,1.0,1.0,1.0,0.6875,87.7,11.4,0.0,537.4,0.8954
Ablation: Pose Estimation Removed,6.mp4,0.0,0.0,0.0,0.6875,225.22,4.4,12.5,466.1,0.2
Ablation: Pose Estimation Removed,s_15.avi,1.0,1.0,1.0,0.6875,238.58,4.2,0.3,561.3,0.65
Ablation: Pose Estimation Removed,s_20.avi,1.0,1.0,1.0,0.6875,86.19,11.6,0.3,574.3,0.2
Ablation: Pose Estimation Removed,s_23.avi,1.0,1.0,1.0,0.6875,198.63,5.0,0.3,718.3,0.4
Ablation: Pose Estimation Removed,s_24.avi,1.0,1.0,1.0,0.6875,225.31,4.4,0.3,689.6,0.4
Ablation: Behaviour Fusion Removed,1.mp4,1.0,1.0,1.0,0.75,143.2,7.0,19.9,526.2,0.95
Ablation: Behaviour Fusion Removed,10.mp4,1.0,1.0,1.0,0.75,140.31,7.1,31.1,624.8,1.0
Ablation: Behaviour Fusion Removed,30_0.mp4,1.0,1.0,1.0,0.75,85.37,11.7,0.0,589.7,0.8954
Ablation: Behaviour Fusion Removed,6.mp4,1.0,1.0,1.0,0.75,216.85,4.6,12.5,505.5,0.95
Ablation: Behaviour Fusion Removed,s_15.avi,0.0,0.0,0.0,0.75,870.84,1.1,0.3,631.4,1.0
Ablation: Behaviour Fusion Removed,s_20.avi,0.0,0.0,0.0,0.75,171.78,5.8,0.3,635.5,0.83
Ablation: Behaviour Fusion Removed,s_23.avi,0.0,0.0,0.0,0.75,339.98,2.9,0.3,775.1,0.95
Ablation: Behaviour Fusion Removed,s_24.avi,0.0,0.0,0.0,0.75,322.38,3.1,0.3,764.9,0.83
Ablation: Action Recognition Removed,1.mp4,0.0,0.0,0.0,0.6875,130.98,7.6,19.9,521.8,0.4
Ablation: Action Recognition Removed,10.mp4,0.0,0.0,0.0,0.6875,174.14,5.7,31.1,619.3,0.4
Ablation: Action Recognition Removed,30_0.mp4,1.0,1.0,1.0,0.6875,105.42,9.5,0.0,584.2,0.8954
Ablation: Action Recognition Removed,6.mp4,0.0,0.0,0.0,0.6875,413.99,2.4,12.5,471.1,0.2
Ablation: Action Recognition Removed,s_15.avi,1.0,1.0,1.0,0.6875,887.02,1.1,0.3,571.4,0.65
Ablation: Action Recognition Removed,s_20.avi,1.0,1.0,1.0,0.6875,172.49,5.8,0.3,648.5,0.2
Ablation: Action Recognition Removed,s_23.avi,1.0,1.0,1.0,0.6875,361.71,2.8,0.3,717.9,0.4
Ablation: Action Recognition Removed,s_24.avi,1.0,1.0,1.0,0.6875,300.5,3.3,0.3,787.7,0.4
Ablation: Relationship Engine Removed,1.mp4,0.0,0.0,0.0,0.125,71.01,14.1,19.9,506.6,0.6252
Ablation: Relationship Engine Removed,10.mp4,1.0,1.0,1.0,0.125,127.41,7.8,31.1,593.6,0.7573
Ablation: Relationship Engine Removed,30_0.mp4,1.0,1.0,1.0,0.125,95.85,10.4,0.0,580.8,0.8954
Ablation: Relationship Engine Removed,6.mp4,1.0,1.0,1.0,0.125,69.76,14.3,12.5,487.8,0.9667
Ablation: Relationship Engine Removed,s_15.avi,0.0,0.0,0.0,0.125,143.56,7.0,0.3,605.1,0.9504
Ablation: Relationship Engine Removed,s_20.avi,0.0,0.0,0.0,0.125,94.02,10.6,0.3,594.4,0.9066
Ablation: Relationship Engine Removed,s_23.avi,0.0,0.0,0.0,0.125,186.88,5.3,0.3,741.0,0.9733
Ablation: Relationship Engine Removed,s_24.avi,0.0,0.0,0.0,0.125,214.05,4.7,0.3,703.7,0.99
Ablation: Interaction Manager Removed,1.mp4,0.0,0.0,0.0,0.125,89.23,11.2,19.9,468.9,0.6252
Ablation: Interaction Manager Removed,10.mp4,1.0,1.0,1.0,0.125,130.46,7.7,31.1,568.1,0.7573
Ablation: Interaction Manager Removed,30_0.mp4,1.0,1.0,1.0,0.125,99.18,10.1,0.0,540.9,0.8954
Ablation: Interaction Manager Removed,6.mp4,1.0,1.0,1.0,0.125,67.76,14.8,12.5,454.3,0.9667
Ablation: Interaction Manager Removed,s_15.avi,0.0,0.0,0.0,0.125,120.5,8.3,0.3,565.2,0.9504
Ablation: Interaction Manager Removed,s_20.avi,0.0,0.0,0.0,0.125,89.41,11.2,0.3,565.4,0.9066
Ablation: Interaction Manager Removed,s_23.avi,0.0,0.0,0.0,0.125,174.55,5.7,0.3,710.7,0.9733
Ablation: Interaction Manager Removed,s_24.avi,0.0,0.0,0.0,0.125,206.67,4.8,0.3,686.5,0.99
Ablation: Forensic Indexing Removed,1.mp4,1.0,1.0,1.0,1.0,134.37,7.4,19.9,498.4,0.8
Ablation: Forensic Indexing Removed,10.mp4,1.0,1.0,1.0,1.0,159.4,6.3,31.1,610.8,0.75
Ablation: Forensic Indexing Removed,30_0.mp4,1.0,1.0,1.0,1.0,98.8,10.1,0.0,566.0,0.8954
Ablation: Forensic Indexing Removed,6.mp4,1.0,1.0,1.0,1.0,176.33,5.7,12.5,420.7,0.8
Ablation: Forensic Indexing Removed,s_15.avi,1.0,1.0,1.0,1.0,325.11,3.1,0.3,553.7,0.65
Ablation: Forensic Indexing Removed,s_20.avi,1.0,1.0,1.0,1.0,183.14,5.5,0.3,639.1,0.2
Ablation: Forensic Indexing Removed,s_23.avi,1.0,1.0,1.0,1.0,709.9,1.4,0.3,778.3,0.4
Ablation: Forensic Indexing Removed,s_24.avi,1.0,1.0,1.0,1.0,292.72,3.4,0.3,787.9,0.4
