action_id,sequence_id,interaction_id,track_id,predicted_action,action_confidence,inference_time_ms,model_name,model_version,device_used,skeleton_quality
ACT-02269341,SEQ-INT-0001-TRK-10003,INT-0001,10003,Unknown,0.9,0.02,ST-GCN,1.0.0,CUDA:0,0.5148
ACT-02C15109,SEQ-INT-0002-TRK-10002,INT-0002,10002,Unknown,0.9,0.0,ST-GCN,1.0.0,CUDA:0,0.5
ACT-7B554D0E,SEQ-INT-0003-TRK-1,INT-0003,1,Unknown,0.9,0.01,ST-GCN,1.0.0,CUDA:0,0.5
ACT-FC9098D1,SEQ-INT-0004-TRK-3,INT-0004,3,Unknown,0.9,0.0,ST-GCN,1.0.0,CUDA:0,0.3987
ACT-E239DC71,SEQ-INT-0005-TRK-10000,INT-0005,10000,Unknown,0.9,0.01,ST-GCN,1.0.0,CUDA:0,0.5
ACT-1B74EED1,SEQ-INT-0008-TRK-10001,INT-0008,10001,Unknown,0.9,0.01,ST-GCN,1.0.0,CUDA:0,0.8753
ACT-41200CD1,SEQ-INT-0007-TRK-10000,INT-0007,10000,Unknown,0.9,0.0,ST-GCN,1.0.0,CUDA:0,0.5
ACT-F0ED5A95,SEQ-INT-0019-TRK-4,INT-0019,4,Unknown,0.9,0.01,ST-GCN,1.0.0,CUDA:0,0.827
ACT-0689C76A,SEQ-INT-0026-TRK-10002,INT-0026,10002,Unknown,0.9,0.01,ST-GCN,1.0.0,CUDA:0,0.5
