graph_id,interaction_id,pattern_id,pattern_type,start_frame,end_frame,duration_frames,duration_seconds,confidence,supporting_primitives,min_distance_px,avg_distance_px,peak_relative_velocity,peak_relative_acceleration
GRAPH-INT-0001,INT-0001,PAT-0001,STOP_PATTERN,44,120,77,2.569,0.9,STATIONARY_INTERACTION,134.7145,134.7145,0.0,0.0
GRAPH-INT-0001,INT-0001,PAT-0005,CO_TRAVEL_PATTERN,44,121,1,0.033,0.9,PARALLEL_MOTION,134.7145,134.7145,0.0,0.0
GRAPH-INT-0001,INT-0001,PAT-0008,STOP_PATTERN,44,122,1,0.033,0.9,STATIONARY_INTERACTION,134.7145,134.7145,0.0,0.0
GRAPH-INT-0001,INT-0001,PAT-0011,CO_TRAVEL_PATTERN,44,125,82,2.736,0.9,PARALLEL_MOTION,134.7145,134.7145,0.0,0.0
GRAPH-INT-0001,INT-0001,PAT-0014,STOP_PATTERN,44,127,84,2.803,0.9,STATIONARY_INTERACTION,134.7145,134.7145,0.0,0.0
GRAPH-INT-0002,INT-0002,PAT-0002,STOP_PATTERN,44,120,77,2.569,0.9,STATIONARY_INTERACTION,59.1354,59.1354,0.0,0.0
GRAPH-INT-0002,INT-0002,PAT-0006,CO_TRAVEL_PATTERN,44,121,1,0.033,0.9,PARALLEL_MOTION,59.1354,59.1354,0.0,0.0
GRAPH-INT-0002,INT-0002,PAT-0009,STOP_PATTERN,44,122,1,0.033,0.9,STATIONARY_INTERACTION,59.1354,59.1354,0.0,0.0
GRAPH-INT-0002,INT-0002,PAT-0012,CO_TRAVEL_PATTERN,44,125,82,2.736,0.9,PARALLEL_MOTION,59.1354,59.1354,0.0,0.0
GRAPH-INT-0002,INT-0002,PAT-0015,STOP_PATTERN,44,127,84,2.803,0.9,STATIONARY_INTERACTION,59.1354,59.1354,0.0,0.0
GRAPH-INT-0003,INT-0003,PAT-0003,STOP_PATTERN,119,119,1,0.033,0.9,STATIONARY_INTERACTION,128.1405,128.1405,0.0,0.0
GRAPH-INT-0003,INT-0003,PAT-0004,DIVERGENCE_PATTERN,119,120,2,0.067,0.9,SUDDEN_DIRECTION_CHANGE,128.0976,128.1191,0.0429,0.0429
GRAPH-INT-0003,INT-0003,PAT-0007,ESCAPE_PATTERN,119,121,3,0.1,0.95,RAPID_ACCELERATION -> RAPID_SEPARATION,123.1016,126.4466,4.996,4.9531
GRAPH-INT-0003,INT-0003,PAT-0010,DIVERGENCE_PATTERN,119,122,4,0.133,0.825,SUDDEN_DIRECTION_CHANGE,121.0661,125.1015,2.0355,2.9605
GRAPH-INT-0003,INT-0003,PAT-0013,FOLLOW_PATTERN,119,125,7,0.234,0.9,FOLLOWING,120.0375,122.9395,0.0292,0.0292
GRAPH-INT-0003,INT-0003,PAT-0016,DIVERGENCE_PATTERN,119,128,10,0.334,0.9,SUDDEN_DIRECTION_CHANGE,120.0375,122.8267,1.9994,2.0285
GRAPH-INT-0003,INT-0003,PAT-0017,ESCAPE_PATTERN,119,130,12,0.4,0.95,RAPID_ACCELERATION -> RAPID_SEPARATION,99.7246,119.6553,14.4901,6.6679
GRAPH-INT-0003,INT-0003,PAT-0018,DIVERGENCE_PATTERN,119,131,13,0.434,0.75,SUDDEN_DIRECTION_CHANGE,96.7471,117.5727,2.9775,11.5126
GRAPH-INT-0003,INT-0003,PAT-0019,ESCAPE_PATTERN,119,132,14,0.467,0.95,RAPID_ACCELERATION -> RAPID_SEPARATION,89.4427,115.2286,7.3044,4.3268
GRAPH-INT-0003,INT-0003,PAT-0020,DIVERGENCE_PATTERN,119,133,15,0.501,0.75,SUDDEN_DIRECTION_CHANGE,86.6833,113.0328,2.7594,4.545
GRAPH-INT-0003,INT-0003,PAT-0021,CO_TRAVEL_PATTERN,119,134,16,0.534,0.9,PARALLEL_MOTION,86.6833,111.1507,0.0,2.7594
GRAPH-INT-0003,INT-0003,PAT-0022,DIVERGENCE_PATTERN,119,135,17,0.567,0.75,SUDDEN_DIRECTION_CHANGE,85.703,109.4542,0.9804,0.9804
GRAPH-INT-0003,INT-0003,PAT-0023,ESCAPE_PATTERN,119,136,18,0.601,0.95,RAPID_ACCELERATION -> RAPID_SEPARATION,80.2808,107.6308,5.4222,4.4419
GRAPH-INT-0003,INT-0003,PAT-0024,DIVERGENCE_PATTERN,119,137,19,0.634,0.75,SUDDEN_DIRECTION_CHANGE,78.339,105.9078,1.9418,3.4805
GRAPH-INT-0003,INT-0003,PAT-0025,CO_TRAVEL_PATTERN,119,138,20,0.667,0.9,PARALLEL_MOTION,78.339,104.3762,0.0,1.9418
GRAPH-INT-0003,INT-0003,PAT-0026,FOLLOW_PATTERN,119,139,21,0.701,0.9,FOLLOWING,78.339,103.0058,0.0,0.0
GRAPH-INT-0003,INT-0003,PAT-0027,ESCAPE_PATTERN,119,140,22,0.734,0.95,RAPID_ACCELERATION -> RAPID_SEPARATION,73.0821,101.5096,5.2569,5.2569
GRAPH-INT-0003,INT-0003,PAT-0028,DIVERGENCE_PATTERN,119,144,26,0.868,0.9,SUDDEN_DIRECTION_CHANGE,70.6045,96.4978,0.9636,0.4207
GRAPH-INT-0003,INT-0003,PAT-0029,CO_TRAVEL_PATTERN,119,145,27,0.901,0.9,PARALLEL_MOTION,70.6045,95.462,0.0,0.9636
GRAPH-INT-0003,INT-0003,PAT-0030,DIVERGENCE_PATTERN,119,147,29,0.968,0.8557,SUDDEN_DIRECTION_CHANGE,69.2604,93.6167,2.5797,3.8153
GRAPH-INT-0003,INT-0003,PAT-0031,CO_TRAVEL_PATTERN,119,148,30,1.001,0.9,PARALLEL_MOTION,69.2604,92.7694,0.6324,3.2121
GRAPH-INT-0003,INT-0003,PAT-0032,ESCAPE_PATTERN,119,149,31,1.034,0.95,RAPID_ACCELERATION -> RAPID_SEPARATION,51.9711,91.3626,17.9216,18.554
GRAPH-INT-0003,INT-0003,PAT-0033,APPROACH_PATTERN,119,150,32,1.068,0.6861,APPROACHING,50.2494,89.9922,1.7218,16.1999
GRAPH-INT-0003,INT-0003,PAT-0034,DIVERGENCE_PATTERN,119,154,36,1.201,0.8693,SUDDEN_DIRECTION_CHANGE,41.2311,84.4528,0.3983,0.5165
GRAPH-INT-0003,INT-0003,PAT-0035,FOLLOW_PATTERN,119,155,37,1.235,0.8622,FOLLOWING,40.2616,83.1902,0.9694,0.5712
GRAPH-INT-0003,INT-0003,PAT-0036,DIVERGENCE_PATTERN,119,156,38,1.268,0.7943,SUDDEN_DIRECTION_CHANGE,40.2616,82.0125,0.5305,1.4999
GRAPH-INT-0003,INT-0003,PAT-0037,ESCAPE_PATTERN,119,157,39,1.301,0.95,RAPID_ACCELERATION -> RAPID_SEPARATION,36.4966,80.7824,4.2956,4.8261
GRAPH-INT-0003,INT-0003,PAT-0038,DIVERGENCE_PATTERN,119,158,40,1.335,0.825,SUDDEN_DIRECTION_CHANGE,36.4966,79.6334,0.6248,4.9204
GRAPH-INT-0003,INT-0003,PAT-0039,FOLLOW_PATTERN,119,159,41,1.368,0.8121,FOLLOWING,36.0139,78.5149,1.1075,1.7324
GRAPH-INT-0003,INT-0003,PAT-0040,DIVERGENCE_PATTERN,119,161,43,1.435,0.8693,SUDDEN_DIRECTION_CHANGE,36.0139,76.498,0.0942,1.0134
GRAPH-INT-0003,INT-0003,PAT-0041,CO_TRAVEL_PATTERN,119,162,44,1.468,0.9,PARALLEL_MOTION,36.0139,75.5627,0.0,0.0942
GRAPH-INT-0003,INT-0003,PAT-0042,SEPARATION_PATTERN,119,163,45,1.502,0.8653,MOVING_AWAY,36.0139,74.7635,3.9791,3.9791
GRAPH-INT-0003,INT-0003,PAT-0043,ESCAPE_PATTERN,119,164,46,1.535,0.95,RAPID_ACCELERATION -> RAPID_SEPARATION,36.0139,74.2009,8.8153,4.8363
GRAPH-INT-0003,INT-0003,PAT-0044,DIVERGENCE_PATTERN,119,167,49,1.635,0.8557,SUDDEN_DIRECTION_CHANGE,36.0139,72.8145,0.7078,0.4519
GRAPH-INT-0003,INT-0003,PAT-0045,SEPARATION_PATTERN,119,168,50,1.668,0.8575,MOVING_AWAY,36.0139,72.4597,3.8623,4.5701
GRAPH-INT-0003,INT-0003,PAT-0046,DIVERGENCE_PATTERN,119,170,52,1.735,0.9,SUDDEN_DIRECTION_CHANGE,36.0139,71.8804,2.9236,2.1934
GRAPH-INT-0003,INT-0003,PAT-0047,ESCAPE_PATTERN,119,171,53,1.768,0.95,RAPID_ACCELERATION -> RAPID_SEPARATION,36.0139,71.541,4.868,7.7915
GRAPH-INT-0003,INT-0003,PAT-0048,CO_TRAVEL_PATTERN,119,172,54,1.802,0.9,PARALLEL_MOTION,36.0139,71.196,0.9707,3.8973
GRAPH-INT-0003,INT-0003,PAT-0049,SEPARATION_PATTERN,119,173,55,1.835,0.7796,MOVING_AWAY,36.0139,70.9148,2.6935,3.6642
GRAPH-INT-0003,INT-0003,PAT-0050,DIVERGENCE_PATTERN,119,181,63,2.102,0.8557,SUDDEN_DIRECTION_CHANGE,36.0139,70.6122,1.7228,4.4163
GRAPH-INT-0003,INT-0003,PAT-0054,ESCAPE_PATTERN,119,182,56,1.869,0.95,RAPID_ACCELERATION -> RAPID_SEPARATION,36.0139,70.6122,1.7228,4.4163
GRAPH-INT-0003,INT-0003,PAT-0055,DIVERGENCE_PATTERN,119,223,105,3.504,0.8557,SUDDEN_DIRECTION_CHANGE,36.0139,70.6122,1.7228,4.4163
GRAPH-INT-0004,INT-0004,PAT-0051,PROXIMITY_PATTERN,176,176,1,0.033,0.8435,CLOSE_INTERACTION,62.5859,62.5859,0.0,0.0
GRAPH-INT-0004,INT-0004,PAT-0052,DIVERGENCE_PATTERN,176,179,4,0.133,0.9,SUDDEN_DIRECTION_CHANGE,62.5859,64.3422,3.5125,3.5125
GRAPH-INT-0004,INT-0004,PAT-0053,ESCAPE_PATTERN,176,232,57,1.902,0.95,RAPID_ACCELERATION -> RAPID_SEPARATION,50.4876,60.4792,2.4102,7.5091
GRAPH-INT-0011,INT-0011,PAT-0068,ESCAPE_PATTERN,341,384,44,1.468,0.95,RAPID_ACCELERATION -> RAPID_SEPARATION,42.7551,42.7551,0.0,0.0
GRAPH-INT-0012,INT-0012,PAT-0069,ESCAPE_PATTERN,341,384,44,1.468,0.95,RAPID_ACCELERATION -> RAPID_SEPARATION,12.2066,12.2066,0.0,0.0
GRAPH-INT-0013,INT-0013,PAT-0070,ESCAPE_PATTERN,341,384,44,1.468,0.95,RAPID_ACCELERATION -> RAPID_SEPARATION,46.6905,46.6905,0.0,0.0
GRAPH-INT-0007,INT-0007,PAT-0059,PROXIMITY_PATTERN,340,340,1,0.033,0.954,CLOSE_INTERACTION,18.3848,18.3848,0.0,0.0
GRAPH-INT-0007,INT-0007,PAT-0064,ESCAPE_PATTERN,340,386,47,1.568,0.95,RAPID_ACCELERATION -> RAPID_SEPARATION,18.2483,21.0679,8.3224,8.4589
GRAPH-INT-0009,INT-0009,PAT-0061,PROXIMITY_PATTERN,340,340,1,0.033,0.9494,CLOSE_INTERACTION,20.2485,20.2485,0.0,0.0
GRAPH-INT-0009,INT-0009,PAT-0066,ESCAPE_PATTERN,340,385,46,1.535,0.95,RAPID_ACCELERATION -> RAPID_SEPARATION,20.2485,22.0023,0.4152,2.0079
GRAPH-INT-0009,INT-0009,PAT-0077,DIVERGENCE_PATTERN,340,386,5,0.167,0.8659,SUDDEN_DIRECTION_CHANGE,20.2485,22.0023,0.4152,2.0079
GRAPH-INT-0010,INT-0010,PAT-0062,PROXIMITY_PATTERN,340,340,1,0.033,0.924,CLOSE_INTERACTION,30.4138,30.4138,0.0,0.0
GRAPH-INT-0010,INT-0010,PAT-0067,ESCAPE_PATTERN,340,386,47,1.568,0.95,RAPID_ACCELERATION -> RAPID_SEPARATION,20.6155,29.307,16.2762,22.7541
GRAPH-INT-0014,INT-0014,PAT-0071,ESCAPE_PATTERN,344,385,42,1.401,0.95,RAPID_ACCELERATION -> RAPID_SEPARATION,49.8197,49.8197,0.0,0.0
GRAPH-INT-0014,INT-0014,PAT-0078,STOP_PATTERN,344,386,1,0.033,0.9,STATIONARY_INTERACTION,49.8197,49.8197,0.0,0.0
GRAPH-INT-0015,INT-0015,PAT-0072,ESCAPE_PATTERN,344,385,42,1.401,0.95,RAPID_ACCELERATION -> RAPID_SEPARATION,20.025,20.025,0.0,0.0
GRAPH-INT-0015,INT-0015,PAT-0079,STOP_PATTERN,344,386,1,0.033,0.9,STATIONARY_INTERACTION,20.025,20.025,0.0,0.0
GRAPH-INT-0016,INT-0016,PAT-0073,ESCAPE_PATTERN,344,385,42,1.401,0.95,RAPID_ACCELERATION -> RAPID_SEPARATION,45.8803,45.8803,0.0,0.0
GRAPH-INT-0016,INT-0016,PAT-0080,STOP_PATTERN,344,386,1,0.033,0.9,STATIONARY_INTERACTION,45.8803,45.8803,0.0,0.0
GRAPH-INT-0017,INT-0017,PAT-0074,ESCAPE_PATTERN,344,385,42,1.401,0.95,RAPID_ACCELERATION -> RAPID_SEPARATION,30.0,30.0,0.0,0.0
GRAPH-INT-0017,INT-0017,PAT-0081,STOP_PATTERN,344,386,1,0.033,0.9,STATIONARY_INTERACTION,30.0,30.0,0.0,0.0
GRAPH-INT-0005,INT-0005,PAT-0056,PROXIMITY_PATTERN,311,339,29,0.968,0.6672,CLOSE_INTERACTION,133.1353,133.1353,0.0,0.0
GRAPH-INT-0005,INT-0005,PAT-0057,ESCAPE_PATTERN,311,385,75,2.502,0.95,RAPID_ACCELERATION -> RAPID_SEPARATION,27.8568,55.1115,0.0,13.3974
GRAPH-INT-0005,INT-0005,PAT-0076,FOLLOW_PATTERN,311,387,77,2.569,0.9,FOLLOWING,27.8568,55.1115,0.0,13.3974
GRAPH-INT-0006,INT-0006,PAT-0058,PROXIMITY_PATTERN,340,340,1,0.033,0.9028,CLOSE_INTERACTION,38.8973,38.8973,0.0,0.0
GRAPH-INT-0006,INT-0006,PAT-0063,ESCAPE_PATTERN,340,387,48,1.602,0.95,RAPID_ACCELERATION -> RAPID_SEPARATION,6.4031,28.303,21.4537,66.9157
GRAPH-INT-0008,INT-0008,PAT-0060,PROXIMITY_PATTERN,340,340,1,0.033,0.972,CLOSE_INTERACTION,11.1803,11.1803,0.0,0.0
GRAPH-INT-0008,INT-0008,PAT-0065,ESCAPE_PATTERN,340,387,48,1.602,0.95,RAPID_ACCELERATION -> RAPID_SEPARATION,11.1803,25.8124,21.5433,48.8305
GRAPH-INT-0018,INT-0018,PAT-0075,ESCAPE_PATTERN,374,385,12,0.4,0.95,RAPID_ACCELERATION -> RAPID_SEPARATION,63.561,66.7216,0.2277,1.9737
GRAPH-INT-0018,INT-0018,PAT-0082,DIVERGENCE_PATTERN,374,386,13,0.434,0.825,SUDDEN_DIRECTION_CHANGE,61.6117,66.3285,2.177,2.4047
GRAPH-INT-0018,INT-0018,PAT-0083,FOLLOW_PATTERN,374,387,14,0.467,0.9,FOLLOWING,61.6117,65.9916,0.0,2.177
GRAPH-INT-0018,INT-0018,PAT-0084,DIVERGENCE_PATTERN,374,389,16,0.534,0.825,SUDDEN_DIRECTION_CHANGE,61.3922,65.5211,1.6713,1.8908
GRAPH-INT-0018,INT-0018,PAT-0085,CO_TRAVEL_PATTERN,374,391,18,0.601,0.9,PARALLEL_MOTION,61.3922,65.1943,0.9668,1.9335
GRAPH-INT-0018,INT-0018,PAT-0086,FOLLOW_PATTERN,374,393,20,0.667,0.9,FOLLOWING,61.3922,64.9566,0.0,0.2463
GRAPH-INT-0018,INT-0018,PAT-0087,DIVERGENCE_PATTERN,374,395,22,0.734,0.7807,SUDDEN_DIRECTION_CHANGE,61.3922,64.8028,0.5927,1.3365
GRAPH-INT-0018,INT-0018,PAT-0088,FOLLOW_PATTERN,374,398,25,0.834,0.9,FOLLOWING,61.3922,64.7667,0.0,0.8234
GRAPH-INT-0018,INT-0018,PAT-0089,CO_TRAVEL_PATTERN,374,399,26,0.868,0.9,PARALLEL_MOTION,61.3922,64.8051,0.9882,0.9882
GRAPH-INT-0018,INT-0018,PAT-0090,DIVERGENCE_PATTERN,374,401,28,0.934,0.9,SUDDEN_DIRECTION_CHANGE,61.3922,65.1869,2.8368,0.1298
GRAPH-INT-0018,INT-0018,PAT-0091,CO_TRAVEL_PATTERN,374,402,29,0.968,0.9,PARALLEL_MOTION,61.3922,65.4411,0.9922,1.8446
GRAPH-INT-0018,INT-0018,PAT-0092,FOLLOW_PATTERN,374,403,30,1.001,0.8368,FOLLOWING,61.3922,65.6379,1.2161,2.2083
GRAPH-INT-0018,INT-0018,PAT-0093,DIVERGENCE_PATTERN,374,404,31,1.034,0.75,SUDDEN_DIRECTION_CHANGE,61.3922,65.819,0.0912,1.1249
GRAPH-INT-0018,INT-0018,PAT-0094,ESCAPE_PATTERN,374,405,32,1.068,0.95,RAPID_ACCELERATION -> RAPID_SEPARATION,61.3922,65.8306,5.0639,4.9728
GRAPH-INT-0018,INT-0018,PAT-0095,FOLLOW_PATTERN,374,406,33,1.101,0.8825,FOLLOWING,61.3922,65.8696,0.9302,5.9941
GRAPH-INT-0018,INT-0018,PAT-0096,DIVERGENCE_PATTERN,374,407,34,1.134,0.6886,SUDDEN_DIRECTION_CHANGE,61.3922,65.789,3.9924,4.9226
GRAPH-INT-0018,INT-0018,PAT-0097,FOLLOW_PATTERN,374,408,35,1.168,0.8121,FOLLOWING,61.3922,65.6844,0.998,2.9945
GRAPH-INT-0018,INT-0018,PAT-0098,CO_TRAVEL_PATTERN,374,410,37,1.235,0.9,PARALLEL_MOTION,61.131,65.4383,0.0,0.9979
GRAPH-INT-0018,INT-0018,PAT-0099,FOLLOW_PATTERN,374,411,38,1.268,0.897,FOLLOWING,61.131,65.4286,3.9382,3.9382
GRAPH-INT-0018,INT-0018,PAT-0100,ESCAPE_PATTERN,374,412,39,1.301,0.95,RAPID_ACCELERATION -> RAPID_SEPARATION,60.2993,65.297,4.7699,8.7081
GRAPH-INT-0018,INT-0018,PAT-0101,DIVERGENCE_PATTERN,374,417,44,1.468,0.825,SUDDEN_DIRECTION_CHANGE,57.4282,65.1003,2.871,1.8989
GRAPH-INT-0018,INT-0018,PAT-0102,ESCAPE_PATTERN,374,474,101,3.37,0.95,RAPID_ACCELERATION -> RAPID_SEPARATION,57.4282,76.299,0.0,1.3264
GRAPH-INT-0019,INT-0019,PAT-0103,PROXIMITY_PATTERN,451,452,2,0.067,0.67,CLOSE_INTERACTION,132.0189,132.1079,0.1779,0.1779
GRAPH-INT-0019,INT-0019,PAT-0104,ESCAPE_PATTERN,451,497,47,1.568,0.95,RAPID_ACCELERATION -> RAPID_SEPARATION,128.0976,133.5883,2.9291,7.8127
GRAPH-INT-0020,INT-0020,PAT-0105,CO_TRAVEL_PATTERN,460,461,2,0.067,0.9,PARALLEL_MOTION,106.3015,106.3015,0.0,0.0
GRAPH-INT-0020,INT-0020,PAT-0106,DIVERGENCE_PATTERN,460,462,3,0.1,0.6806,SUDDEN_DIRECTION_CHANGE,103.0194,105.2074,3.282,3.282
GRAPH-INT-0020,INT-0020,PAT-0107,ESCAPE_PATTERN,460,463,4,0.133,0.95,RAPID_ACCELERATION -> RAPID_SEPARATION,82.0061,99.4071,21.0133,17.7313
GRAPH-INT-0020,INT-0020,PAT-0108,DIVERGENCE_PATTERN,460,464,5,0.167,0.8557,SUDDEN_DIRECTION_CHANGE,79.0,95.3257,3.0061,18.0072
GRAPH-INT-0020,INT-0020,PAT-0109,SEPARATION_PATTERN,460,465,6,0.2,0.8,MOVING_AWAY,79.0,93.1047,3.0,6.0061
GRAPH-INT-0020,INT-0020,PAT-0110,FOLLOW_PATTERN,460,466,7,0.234,0.8706,FOLLOWING,79.0,91.379,0.9753,3.9753
GRAPH-INT-0020,INT-0020,PAT-0111,DIVERGENCE_PATTERN,460,468,9,0.3,0.9,SUDDEN_DIRECTION_CHANGE,79.0,88.9704,1.0305,2.0302
GRAPH-INT-0020,INT-0020,PAT-0112,ESCAPE_PATTERN,460,470,11,0.367,0.95,RAPID_ACCELERATION -> RAPID_SEPARATION,76.2365,87.2881,6.9621,11.7811
GRAPH-INT-0020,INT-0020,PAT-0113,FOLLOW_PATTERN,460,471,12,0.4,0.8605,FOLLOWING,76.2365,86.9872,0.4794,6.4827
GRAPH-INT-0020,INT-0020,PAT-0114,DIVERGENCE_PATTERN,460,472,13,0.434,0.75,SUDDEN_DIRECTION_CHANGE,76.2365,86.7524,0.2565,0.2229
GRAPH-INT-0020,INT-0020,PAT-0115,FOLLOW_PATTERN,460,473,14,0.467,0.8121,FOLLOWING,76.2365,86.5328,0.2565,0.5131
GRAPH-INT-0020,INT-0020,PAT-0116,ESCAPE_PATTERN,460,542,83,2.769,0.95,RAPID_ACCELERATION -> RAPID_SEPARATION,51.788,86.71,9.343,10.3075
GRAPH-INT-0021,INT-0021,PAT-0117,PROXIMITY_PATTERN,505,506,2,0.067,0.8412,CLOSE_INTERACTION,63.5059,64.1759,1.3401,1.3401
GRAPH-INT-0021,INT-0021,PAT-0118,ESCAPE_PATTERN,505,542,38,1.268,0.95,RAPID_ACCELERATION -> RAPID_SEPARATION,63.5059,108.4027,2.1879,2.035
GRAPH-INT-0022,INT-0022,PAT-0119,PROXIMITY_PATTERN,526,542,17,0.567,0.667,CLOSE_INTERACTION,133.1803,133.1803,0.0,0.0
GRAPH-INT-0023,INT-0023,PAT-0120,PROXIMITY_PATTERN,526,542,17,0.567,0.8902,CLOSE_INTERACTION,43.9318,43.9318,0.0,0.0
GRAPH-INT-0024,INT-0024,PAT-0121,PROXIMITY_PATTERN,526,542,17,0.567,0.8699,CLOSE_INTERACTION,52.0384,52.0384,0.0,0.0
GRAPH-INT-0025,INT-0025,PAT-0122,PROXIMITY_PATTERN,526,542,17,0.567,0.652,CLOSE_INTERACTION,139.1869,139.1869,0.0,0.0
GRAPH-INT-0026,INT-0026,PAT-0123,PROXIMITY_PATTERN,526,542,17,0.567,0.9645,CLOSE_INTERACTION,14.2127,14.2127,0.0,0.0
