sample_id,roi_id,interaction_id,frame_index,timestamp,track_id,backend_name,topology,num_keypoints,overall_confidence,quality_score,processing_time_ms
SMP-INT-0001-44,ROI-INT-0001,INT-0001,44,1.468,10003,MediaPipe,COCO_17,17,0.8039,0.7094,53.3
SMP-INT-0002-44,ROI-INT-0002,INT-0002,44,1.468,10002,MediaPipe,COCO_17,17,0.5,0.5,15.76
SMP-INT-0001-45,ROI-INT-0001,INT-0001,45,1.502,10003,MediaPipe,COCO_17,17,0.9034,0.9034,29.73
SMP-INT-0002-45,ROI-INT-0002,INT-0002,45,1.502,10002,MediaPipe,COCO_17,17,0.5,0.5,11.39
SMP-INT-0001-47,ROI-INT-0001,INT-0001,47,1.568,10003,MediaPipe,COCO_17,17,0.7502,0.6619,28.17
SMP-INT-0002-47,ROI-INT-0002,INT-0002,47,1.568,10002,MediaPipe,COCO_17,17,0.5,0.5,11.04
SMP-INT-0001-48,ROI-INT-0001,INT-0001,48,1.602,10003,MediaPipe,COCO_17,17,0.8155,0.7196,29.06
SMP-INT-0002-48,ROI-INT-0002,INT-0002,48,1.602,10002,MediaPipe,COCO_17,17,0.5,0.5,11.6
SMP-INT-0001-49,ROI-INT-0001,INT-0001,49,1.635,10003,MediaPipe,COCO_17,17,0.8277,0.7303,27.37
SMP-INT-0002-49,ROI-INT-0002,INT-0002,49,1.635,10002,MediaPipe,COCO_17,17,0.5,0.5,11.14
SMP-INT-0001-50,ROI-INT-0001,INT-0001,50,1.668,10003,MediaPipe,COCO_17,17,0.78,0.7341,26.96
SMP-INT-0002-50,ROI-INT-0002,INT-0002,50,1.668,10002,MediaPipe,COCO_17,17,0.5,0.5,11.4
SMP-INT-0001-51,ROI-INT-0001,INT-0001,51,1.702,10003,MediaPipe,COCO_17,17,0.7983,0.7513,27.21
SMP-INT-0002-51,ROI-INT-0002,INT-0002,51,1.702,10002,MediaPipe,COCO_17,17,0.5,0.5,11.35
SMP-INT-0001-52,ROI-INT-0001,INT-0001,52,1.735,10003,MediaPipe,COCO_17,17,0.7894,0.6965,27.46
SMP-INT-0002-52,ROI-INT-0002,INT-0002,52,1.735,10002,MediaPipe,COCO_17,17,0.5,0.5,11.83
SMP-INT-0001-53,ROI-INT-0001,INT-0001,53,1.768,10003,MediaPipe,COCO_17,17,0.9286,0.9286,26.68
SMP-INT-0002-53,ROI-INT-0002,INT-0002,53,1.768,10002,MediaPipe,COCO_17,17,0.5,0.5,11.81
SMP-INT-0001-54,ROI-INT-0001,INT-0001,54,1.802,10003,MediaPipe,COCO_17,17,0.962,0.962,26.65
SMP-INT-0002-54,ROI-INT-0002,INT-0002,54,1.802,10002,MediaPipe,COCO_17,17,0.5,0.5,12.91
SMP-INT-0001-55,ROI-INT-0001,INT-0001,55,1.835,10003,MediaPipe,COCO_17,17,0.911,0.911,36.29
SMP-INT-0002-55,ROI-INT-0002,INT-0002,55,1.835,10002,MediaPipe,COCO_17,17,0.5,0.5,13.37
SMP-INT-0001-65,ROI-INT-0001,INT-0001,65,2.169,10003,MediaPipe,COCO_17,17,0.5,0.5,11.68
SMP-INT-0002-65,ROI-INT-0002,INT-0002,65,2.169,10002,MediaPipe,COCO_17,17,0.5,0.5,11.2
SMP-INT-0001-81,ROI-INT-0001,INT-0001,81,2.703,10003,MediaPipe,COCO_17,17,0.5,0.5,34.9
SMP-INT-0002-81,ROI-INT-0002,INT-0002,81,2.703,10002,MediaPipe,COCO_17,17,0.5,0.5,16.32
SMP-INT-0001-82,ROI-INT-0001,INT-0001,82,2.736,10003,MediaPipe,COCO_17,17,0.799,0.752,30.41
SMP-INT-0002-82,ROI-INT-0002,INT-0002,82,2.736,10002,MediaPipe,COCO_17,17,0.5,0.5,12.8
SMP-INT-0001-92,ROI-INT-0001,INT-0001,92,3.07,10003,MediaPipe,COCO_17,17,0.9194,0.9194,26.96
SMP-INT-0002-92,ROI-INT-0002,INT-0002,92,3.07,10002,MediaPipe,COCO_17,17,0.5,0.5,11.4
SMP-INT-0001-93,ROI-INT-0001,INT-0001,93,3.103,10003,MediaPipe,COCO_17,17,0.8726,0.8726,27.4
SMP-INT-0002-93,ROI-INT-0002,INT-0002,93,3.103,10002,MediaPipe,COCO_17,17,0.5,0.5,12.12
SMP-INT-0001-94,ROI-INT-0001,INT-0001,94,3.136,10003,MediaPipe,COCO_17,17,0.5,0.5,25.73
SMP-INT-0002-94,ROI-INT-0002,INT-0002,94,3.136,10002,MediaPipe,COCO_17,17,0.5,0.5,11.41
SMP-INT-0001-95,ROI-INT-0001,INT-0001,95,3.17,10003,MediaPipe,COCO_17,17,0.9488,0.9488,26.66
SMP-INT-0002-95,ROI-INT-0002,INT-0002,95,3.17,10002,MediaPipe,COCO_17,17,0.5,0.5,10.95
SMP-INT-0001-96,ROI-INT-0001,INT-0001,96,3.203,10003,MediaPipe,COCO_17,17,0.9159,0.9159,26.49
SMP-INT-0002-96,ROI-INT-0002,INT-0002,96,3.203,10002,MediaPipe,COCO_17,17,0.5,0.5,12.22
SMP-INT-0001-97,ROI-INT-0001,INT-0001,97,3.237,10003,MediaPipe,COCO_17,17,0.9123,0.9123,25.34
SMP-INT-0002-97,ROI-INT-0002,INT-0002,97,3.237,10002,MediaPipe,COCO_17,17,0.5,0.5,10.77
SMP-INT-0001-98,ROI-INT-0001,INT-0001,98,3.27,10003,MediaPipe,COCO_17,17,0.8938,0.8938,25.49
SMP-INT-0002-98,ROI-INT-0002,INT-0002,98,3.27,10002,MediaPipe,COCO_17,17,0.5,0.5,10.59
SMP-INT-0001-99,ROI-INT-0001,INT-0001,99,3.303,10003,MediaPipe,COCO_17,17,0.9039,0.9039,26.22
SMP-INT-0002-99,ROI-INT-0002,INT-0002,99,3.303,10002,MediaPipe,COCO_17,17,0.5,0.5,11.97
SMP-INT-0001-101,ROI-INT-0001,INT-0001,101,3.37,10003,MediaPipe,COCO_17,17,0.865,0.865,33.71
SMP-INT-0002-101,ROI-INT-0002,INT-0002,101,3.37,10002,MediaPipe,COCO_17,17,0.5,0.5,11.63
SMP-INT-0001-103,ROI-INT-0001,INT-0001,103,3.437,10003,MediaPipe,COCO_17,17,0.776,0.5934,28.27
SMP-INT-0002-103,ROI-INT-0002,INT-0002,103,3.437,10002,MediaPipe,COCO_17,17,0.5,0.5,10.8
SMP-INT-0001-104,ROI-INT-0001,INT-0001,104,3.47,10003,MediaPipe,COCO_17,17,0.7006,0.6182,26.0
SMP-INT-0002-104,ROI-INT-0002,INT-0002,104,3.47,10002,MediaPipe,COCO_17,17,0.5,0.5,10.78
SMP-INT-0001-105,ROI-INT-0001,INT-0001,105,3.504,10003,MediaPipe,COCO_17,17,0.6796,0.5597,25.26
SMP-INT-0002-105,ROI-INT-0002,INT-0002,105,3.504,10002,MediaPipe,COCO_17,17,0.5,0.5,10.68
SMP-INT-0001-106,ROI-INT-0001,INT-0001,106,3.537,10003,MediaPipe,COCO_17,17,0.7585,0.7139,26.91
SMP-INT-0002-106,ROI-INT-0002,INT-0002,106,3.537,10002,MediaPipe,COCO_17,17,0.5,0.5,11.54
SMP-INT-0001-109,ROI-INT-0001,INT-0001,109,3.637,10003,MediaPipe,COCO_17,17,0.5,0.5,12.3
SMP-INT-0002-109,ROI-INT-0002,INT-0002,109,3.637,10002,MediaPipe,COCO_17,17,0.5,0.5,10.93
SMP-INT-0001-110,ROI-INT-0001,INT-0001,110,3.67,10003,MediaPipe,COCO_17,17,0.5,0.5,10.77
SMP-INT-0002-110,ROI-INT-0002,INT-0002,110,3.67,10002,MediaPipe,COCO_17,17,0.5,0.5,10.71
SMP-INT-0001-116,ROI-INT-0001,INT-0001,116,3.871,10003,MediaPipe,COCO_17,17,0.5,0.5,11.39
SMP-INT-0002-116,ROI-INT-0002,INT-0002,116,3.871,10002,MediaPipe,COCO_17,17,0.5,0.5,10.71
SMP-INT-0001-117,ROI-INT-0001,INT-0001,117,3.904,10003,MediaPipe,COCO_17,17,0.5,0.5,11.3
SMP-INT-0002-117,ROI-INT-0002,INT-0002,117,3.904,10002,MediaPipe,COCO_17,17,0.5,0.5,11.98
SMP-INT-0001-118,ROI-INT-0001,INT-0001,118,3.937,10003,MediaPipe,COCO_17,17,0.5,0.5,11.7
SMP-INT-0002-118,ROI-INT-0002,INT-0002,118,3.937,10002,MediaPipe,COCO_17,17,0.5,0.5,11.1
SMP-INT-0003-119,ROI-INT-0003,INT-0003,119,3.971,1,MediaPipe,COCO_17,17,0.5,0.5,11.07
SMP-INT-0003-120,ROI-INT-0003,INT-0003,120,4.004,1,MediaPipe,COCO_17,17,0.5,0.5,11.07
SMP-INT-0003-121,ROI-INT-0003,INT-0003,121,4.037,1,MediaPipe,COCO_17,17,0.5,0.5,10.87
SMP-INT-0003-122,ROI-INT-0003,INT-0003,122,4.071,1,MediaPipe,COCO_17,17,0.5,0.5,10.74
SMP-INT-0003-123,ROI-INT-0003,INT-0003,123,4.104,1,MediaPipe,COCO_17,17,0.5,0.5,10.71
SMP-INT-0003-124,ROI-INT-0003,INT-0003,124,4.137,1,MediaPipe,COCO_17,17,0.5,0.5,11.66
SMP-INT-0003-125,ROI-INT-0003,INT-0003,125,4.171,1,MediaPipe,COCO_17,17,0.5,0.5,11.31
SMP-INT-0003-126,ROI-INT-0003,INT-0003,126,4.204,1,MediaPipe,COCO_17,17,0.5,0.5,12.31
SMP-INT-0003-127,ROI-INT-0003,INT-0003,127,4.238,1,MediaPipe,COCO_17,17,0.5,0.5,12.35
SMP-INT-0003-128,ROI-INT-0003,INT-0003,128,4.271,1,MediaPipe,COCO_17,17,0.8718,0.8718,29.32
SMP-INT-0003-129,ROI-INT-0003,INT-0003,129,4.304,1,MediaPipe,COCO_17,17,0.5,0.5,25.91
SMP-INT-0003-130,ROI-INT-0003,INT-0003,130,4.338,1,MediaPipe,COCO_17,17,0.5,0.5,11.39
SMP-INT-0003-131,ROI-INT-0003,INT-0003,131,4.371,1,MediaPipe,COCO_17,17,0.5,0.5,11.22
SMP-INT-0003-132,ROI-INT-0003,INT-0003,132,4.404,1,MediaPipe,COCO_17,17,0.5,0.5,11.3
SMP-INT-0003-133,ROI-INT-0003,INT-0003,133,4.438,1,MediaPipe,COCO_17,17,0.5,0.5,10.66
SMP-INT-0003-134,ROI-INT-0003,INT-0003,134,4.471,1,MediaPipe,COCO_17,17,0.5,0.5,10.7
SMP-INT-0003-135,ROI-INT-0003,INT-0003,135,4.505,1,MediaPipe,COCO_17,17,0.5,0.5,10.71
SMP-INT-0003-136,ROI-INT-0003,INT-0003,136,4.538,1,MediaPipe,COCO_17,17,0.7602,0.6708,26.3
SMP-INT-0003-137,ROI-INT-0003,INT-0003,137,4.571,1,MediaPipe,COCO_17,17,0.7609,0.6714,27.04
SMP-INT-0003-138,ROI-INT-0003,INT-0003,138,4.605,1,MediaPipe,COCO_17,17,0.7156,0.5472,26.01
SMP-INT-0003-139,ROI-INT-0003,INT-0003,139,4.638,1,MediaPipe,COCO_17,17,0.7089,0.5421,26.28
SMP-INT-0003-140,ROI-INT-0003,INT-0003,140,4.671,1,MediaPipe,COCO_17,17,0.7492,0.6611,26.91
SMP-INT-0003-141,ROI-INT-0003,INT-0003,141,4.705,1,MediaPipe,COCO_17,17,0.5,0.5,10.66
SMP-INT-0003-142,ROI-INT-0003,INT-0003,142,4.738,1,MediaPipe,COCO_17,17,0.7629,0.6732,25.3
SMP-INT-0003-143,ROI-INT-0003,INT-0003,143,4.771,1,MediaPipe,COCO_17,17,0.6521,0.4603,26.04
SMP-INT-0003-144,ROI-INT-0003,INT-0003,144,4.805,1,MediaPipe,COCO_17,17,0.8227,0.7259,27.89
SMP-INT-0003-145,ROI-INT-0003,INT-0003,145,4.838,1,MediaPipe,COCO_17,17,0.7164,0.6321,27.33
SMP-INT-0003-146,ROI-INT-0003,INT-0003,146,4.872,1,MediaPipe,COCO_17,17,0.6808,0.4805,26.84
SMP-INT-0003-147,ROI-INT-0003,INT-0003,147,4.905,1,MediaPipe,COCO_17,17,0.6857,0.5244,26.64
SMP-INT-0003-148,ROI-INT-0003,INT-0003,148,4.938,1,MediaPipe,COCO_17,17,0.7498,0.6175,28.02
SMP-INT-0003-149,ROI-INT-0003,INT-0003,149,4.972,1,MediaPipe,COCO_17,17,0.5,0.5,10.95
SMP-INT-0003-150,ROI-INT-0003,INT-0003,150,5.005,1,MediaPipe,COCO_17,17,0.7307,0.5587,34.0
SMP-INT-0003-151,ROI-INT-0003,INT-0003,151,5.038,1,MediaPipe,COCO_17,17,0.5,0.5,11.36
SMP-INT-0003-152,ROI-INT-0003,INT-0003,152,5.072,1,MediaPipe,COCO_17,17,0.5,0.5,10.94
SMP-INT-0003-153,ROI-INT-0003,INT-0003,153,5.105,1,MediaPipe,COCO_17,17,0.5,0.5,10.99
SMP-INT-0003-154,ROI-INT-0003,INT-0003,154,5.138,1,MediaPipe,COCO_17,17,0.693,0.5299,25.77
SMP-INT-0003-155,ROI-INT-0003,INT-0003,155,5.172,1,MediaPipe,COCO_17,17,0.5,0.5,25.96
SMP-INT-0003-156,ROI-INT-0003,INT-0003,156,5.205,1,MediaPipe,COCO_17,17,0.5,0.5,25.47
SMP-INT-0003-157,ROI-INT-0003,INT-0003,157,5.239,1,MediaPipe,COCO_17,17,0.5,0.5,10.98
SMP-INT-0003-158,ROI-INT-0003,INT-0003,158,5.272,1,MediaPipe,COCO_17,17,0.5,0.5,10.73
SMP-INT-0003-159,ROI-INT-0003,INT-0003,159,5.305,1,MediaPipe,COCO_17,17,0.5,0.5,11.18
SMP-INT-0003-160,ROI-INT-0003,INT-0003,160,5.339,1,MediaPipe,COCO_17,17,0.5,0.5,26.48
SMP-INT-0003-161,ROI-INT-0003,INT-0003,161,5.372,1,MediaPipe,COCO_17,17,0.5,0.5,29.2
SMP-INT-0003-162,ROI-INT-0003,INT-0003,162,5.405,1,MediaPipe,COCO_17,17,0.7416,0.6543,26.83
SMP-INT-0003-163,ROI-INT-0003,INT-0003,163,5.439,1,MediaPipe,COCO_17,17,0.6993,0.5348,30.0
SMP-INT-0003-164,ROI-INT-0003,INT-0003,164,5.472,1,MediaPipe,COCO_17,17,0.7947,0.7012,25.62
SMP-INT-0003-165,ROI-INT-0003,INT-0003,165,5.506,1,MediaPipe,COCO_17,17,0.7519,0.6192,25.44
SMP-INT-0003-166,ROI-INT-0003,INT-0003,166,5.539,1,MediaPipe,COCO_17,17,0.7783,0.6867,25.35
SMP-INT-0003-167,ROI-INT-0003,INT-0003,167,5.572,1,MediaPipe,COCO_17,17,0.8067,0.7118,26.91
SMP-INT-0003-168,ROI-INT-0003,INT-0003,168,5.606,1,MediaPipe,COCO_17,17,0.7577,0.6686,25.69
SMP-INT-0003-169,ROI-INT-0003,INT-0003,169,5.639,1,MediaPipe,COCO_17,17,0.771,0.6803,26.7
SMP-INT-0003-170,ROI-INT-0003,INT-0003,170,5.672,1,MediaPipe,COCO_17,17,0.8345,0.8345,25.6
SMP-INT-0003-171,ROI-INT-0003,INT-0003,171,5.706,1,MediaPipe,COCO_17,17,0.5,0.5,11.07
SMP-INT-0003-172,ROI-INT-0003,INT-0003,172,5.739,1,MediaPipe,COCO_17,17,0.8655,0.8655,26.63
SMP-INT-0003-173,ROI-INT-0003,INT-0003,173,5.772,1,MediaPipe,COCO_17,17,0.8707,0.8707,26.73
SMP-INT-0003-174,ROI-INT-0003,INT-0003,174,5.806,1,MediaPipe,COCO_17,17,0.8467,0.8467,25.4
SMP-INT-0003-175,ROI-INT-0003,INT-0003,175,5.839,1,MediaPipe,COCO_17,17,0.5,0.5,10.71
SMP-INT-0003-176,ROI-INT-0003,INT-0003,176,5.873,1,MediaPipe,COCO_17,17,0.5,0.5,10.82
SMP-INT-0004-176,ROI-INT-0004,INT-0004,176,5.873,3,MediaPipe,COCO_17,17,0.6343,0.4104,25.92
SMP-INT-0003-177,ROI-INT-0003,INT-0003,177,5.906,1,MediaPipe,COCO_17,17,0.8474,0.7976,26.59
SMP-INT-0004-177,ROI-INT-0004,INT-0004,177,5.906,3,MediaPipe,COCO_17,17,0.6796,0.4797,26.78
SMP-INT-0003-178,ROI-INT-0003,INT-0003,178,5.939,1,MediaPipe,COCO_17,17,0.5,0.5,25.8
SMP-INT-0004-178,ROI-INT-0004,INT-0004,178,5.939,3,MediaPipe,COCO_17,17,0.6817,0.4812,25.56
SMP-INT-0003-179,ROI-INT-0003,INT-0003,179,5.973,1,MediaPipe,COCO_17,17,0.711,0.5855,28.64
SMP-INT-0004-179,ROI-INT-0004,INT-0004,179,5.973,3,MediaPipe,COCO_17,17,0.6934,0.5302,26.36
SMP-INT-0003-180,ROI-INT-0003,INT-0003,180,6.006,1,MediaPipe,COCO_17,17,0.8981,0.8981,25.36
SMP-INT-0004-180,ROI-INT-0004,INT-0004,180,6.006,3,MediaPipe,COCO_17,17,0.7032,0.5378,27.4
SMP-INT-0003-181,ROI-INT-0003,INT-0003,181,6.039,1,MediaPipe,COCO_17,17,0.5,0.5,11.28
SMP-INT-0004-181,ROI-INT-0004,INT-0004,181,6.039,3,MediaPipe,COCO_17,17,0.6811,0.4808,29.38
SMP-INT-0003-182,ROI-INT-0003,INT-0003,182,6.073,1,MediaPipe,COCO_17,17,0.5,0.5,10.7
SMP-INT-0004-182,ROI-INT-0004,INT-0004,182,6.073,3,MediaPipe,COCO_17,17,0.6291,0.4071,25.57
SMP-INT-0003-183,ROI-INT-0003,INT-0003,183,6.106,1,MediaPipe,COCO_17,17,0.5,0.5,10.86
SMP-INT-0004-183,ROI-INT-0004,INT-0004,183,6.106,3,MediaPipe,COCO_17,17,0.6304,0.4079,25.25
SMP-INT-0003-184,ROI-INT-0003,INT-0003,184,6.139,1,MediaPipe,COCO_17,17,0.8763,0.8763,25.61
SMP-INT-0004-184,ROI-INT-0004,INT-0004,184,6.139,3,MediaPipe,COCO_17,17,0.5,0.5,25.6
SMP-INT-0003-185,ROI-INT-0003,INT-0003,185,6.173,1,MediaPipe,COCO_17,17,0.5,0.5,11.56
SMP-INT-0004-185,ROI-INT-0004,INT-0004,185,6.173,3,MediaPipe,COCO_17,17,0.5,0.5,29.92
SMP-INT-0003-187,ROI-INT-0003,INT-0003,187,6.24,1,MediaPipe,COCO_17,17,0.887,0.887,27.53
SMP-INT-0004-187,ROI-INT-0004,INT-0004,187,6.24,3,MediaPipe,COCO_17,17,0.5,0.5,25.99
SMP-INT-0003-188,ROI-INT-0003,INT-0003,188,6.273,1,MediaPipe,COCO_17,17,0.8451,0.7457,26.75
SMP-INT-0004-188,ROI-INT-0004,INT-0004,188,6.273,3,MediaPipe,COCO_17,17,0.7008,0.5772,25.7
SMP-INT-0003-189,ROI-INT-0003,INT-0003,189,6.306,1,MediaPipe,COCO_17,17,0.809,0.7138,27.19
SMP-INT-0004-189,ROI-INT-0004,INT-0004,189,6.306,3,MediaPipe,COCO_17,17,0.6469,0.4947,26.22
SMP-INT-0003-190,ROI-INT-0003,INT-0003,190,6.34,1,MediaPipe,COCO_17,17,0.7686,0.6782,25.49
SMP-INT-0004-190,ROI-INT-0004,INT-0004,190,6.34,3,MediaPipe,COCO_17,17,0.5,0.5,25.11
SMP-INT-0003-191,ROI-INT-0003,INT-0003,191,6.373,1,MediaPipe,COCO_17,17,0.5,0.5,25.4
SMP-INT-0004-191,ROI-INT-0004,INT-0004,191,6.373,3,MediaPipe,COCO_17,17,0.6761,0.517,25.3
SMP-INT-0003-193,ROI-INT-0003,INT-0003,193,6.44,1,MediaPipe,COCO_17,17,0.8489,0.799,25.41
SMP-INT-0004-193,ROI-INT-0004,INT-0004,193,6.44,3,MediaPipe,COCO_17,17,0.6678,0.5107,25.23
SMP-INT-0003-194,ROI-INT-0003,INT-0003,194,6.473,1,MediaPipe,COCO_17,17,0.7934,0.7467,26.49
SMP-INT-0004-194,ROI-INT-0004,INT-0004,194,6.473,3,MediaPipe,COCO_17,17,0.6365,0.4493,26.91
SMP-INT-0003-195,ROI-INT-0003,INT-0003,195,6.506,1,MediaPipe,COCO_17,17,0.8242,0.7757,25.42
SMP-INT-0004-195,ROI-INT-0004,INT-0004,195,6.506,3,MediaPipe,COCO_17,17,0.7733,0.6823,25.83
SMP-INT-0003-196,ROI-INT-0003,INT-0003,196,6.54,1,MediaPipe,COCO_17,17,0.8222,0.7255,25.47
SMP-INT-0004-196,ROI-INT-0004,INT-0004,196,6.54,3,MediaPipe,COCO_17,17,0.6277,0.4062,25.27
SMP-INT-0003-197,ROI-INT-0003,INT-0003,197,6.573,1,MediaPipe,COCO_17,17,0.8436,0.7939,25.68
SMP-INT-0004-197,ROI-INT-0004,INT-0004,197,6.573,3,MediaPipe,COCO_17,17,0.6828,0.4819,25.04
SMP-INT-0003-202,ROI-INT-0003,INT-0003,202,6.74,1,MediaPipe,COCO_17,17,0.8588,0.8588,26.11
SMP-INT-0004-202,ROI-INT-0004,INT-0004,202,6.74,3,MediaPipe,COCO_17,17,0.7476,0.6597,25.27
SMP-INT-0003-203,ROI-INT-0003,INT-0003,203,6.773,1,MediaPipe,COCO_17,17,0.8298,0.781,25.97
SMP-INT-0004-203,ROI-INT-0004,INT-0004,203,6.773,3,MediaPipe,COCO_17,17,0.7598,0.7151,25.7
SMP-INT-0003-204,ROI-INT-0003,INT-0003,204,6.807,1,MediaPipe,COCO_17,17,0.8224,0.774,28.71
SMP-INT-0004-204,ROI-INT-0004,INT-0004,204,6.807,3,MediaPipe,COCO_17,17,0.5,0.5,26.44
SMP-INT-0003-205,ROI-INT-0003,INT-0003,205,6.84,1,MediaPipe,COCO_17,17,0.8716,0.8716,27.12
SMP-INT-0004-205,ROI-INT-0004,INT-0004,205,6.84,3,MediaPipe,COCO_17,17,0.6341,0.373,26.63
SMP-INT-0003-206,ROI-INT-0003,INT-0003,206,6.874,1,MediaPipe,COCO_17,17,0.8418,0.7923,25.33
SMP-INT-0004-206,ROI-INT-0004,INT-0004,206,6.874,3,MediaPipe,COCO_17,17,0.694,0.5716,26.33
SMP-INT-0003-207,ROI-INT-0003,INT-0003,207,6.907,1,MediaPipe,COCO_17,17,0.7736,0.7281,25.66
SMP-INT-0004-207,ROI-INT-0004,INT-0004,207,6.907,3,MediaPipe,COCO_17,17,0.6886,0.567,25.26
SMP-INT-0003-208,ROI-INT-0003,INT-0003,208,6.94,1,MediaPipe,COCO_17,17,0.8093,0.7617,25.32
SMP-INT-0004-208,ROI-INT-0004,INT-0004,208,6.94,3,MediaPipe,COCO_17,17,0.7178,0.5489,25.2
SMP-INT-0003-209,ROI-INT-0003,INT-0003,209,6.974,1,MediaPipe,COCO_17,17,0.7756,0.73,28.46
SMP-INT-0004-209,ROI-INT-0004,INT-0004,209,6.974,3,MediaPipe,COCO_17,17,0.7898,0.7434,28.09
SMP-INT-0003-210,ROI-INT-0003,INT-0003,210,7.007,1,MediaPipe,COCO_17,17,0.7617,0.7169,27.17
SMP-INT-0004-210,ROI-INT-0004,INT-0004,210,7.007,3,MediaPipe,COCO_17,17,0.5,0.5,26.4
SMP-INT-0003-211,ROI-INT-0003,INT-0003,211,7.04,1,MediaPipe,COCO_17,17,0.5,0.5,27.05
SMP-INT-0004-211,ROI-INT-0004,INT-0004,211,7.04,3,MediaPipe,COCO_17,17,0.5,0.5,30.12
SMP-INT-0003-214,ROI-INT-0003,INT-0003,214,7.14,1,MediaPipe,COCO_17,17,0.8889,0.8889,27.15
SMP-INT-0004-214,ROI-INT-0004,INT-0004,214,7.14,3,MediaPipe,COCO_17,17,0.8421,0.8421,26.71
SMP-INT-0003-215,ROI-INT-0003,INT-0003,215,7.174,1,MediaPipe,COCO_17,17,0.869,0.869,26.78
SMP-INT-0004-215,ROI-INT-0004,INT-0004,215,7.174,3,MediaPipe,COCO_17,17,0.8892,0.8892,26.26
SMP-INT-0003-216,ROI-INT-0003,INT-0003,216,7.207,1,MediaPipe,COCO_17,17,0.5,0.5,25.5
SMP-INT-0004-216,ROI-INT-0004,INT-0004,216,7.207,3,MediaPipe,COCO_17,17,0.8245,0.8245,25.02
SMP-INT-0003-217,ROI-INT-0003,INT-0003,217,7.241,1,MediaPipe,COCO_17,17,0.8615,0.8615,25.71
SMP-INT-0004-217,ROI-INT-0004,INT-0004,217,7.241,3,MediaPipe,COCO_17,17,0.7446,0.657,27.07
SMP-INT-0003-219,ROI-INT-0003,INT-0003,219,7.307,1,MediaPipe,COCO_17,17,0.8408,0.8408,25.62
SMP-INT-0004-219,ROI-INT-0004,INT-0004,219,7.307,3,MediaPipe,COCO_17,17,0.8196,0.8196,25.34
SMP-INT-0003-220,ROI-INT-0003,INT-0003,220,7.341,1,MediaPipe,COCO_17,17,0.8209,0.8209,27.53
SMP-INT-0004-220,ROI-INT-0004,INT-0004,220,7.341,3,MediaPipe,COCO_17,17,0.5,0.5,27.09
SMP-INT-0003-221,ROI-INT-0003,INT-0003,221,7.374,1,MediaPipe,COCO_17,17,0.8497,0.8497,30.17
SMP-INT-0004-221,ROI-INT-0004,INT-0004,221,7.374,3,MediaPipe,COCO_17,17,0.5,0.5,26.44
SMP-INT-0003-222,ROI-INT-0003,INT-0003,222,7.407,1,MediaPipe,COCO_17,17,0.844,0.7944,26.17
SMP-INT-0004-222,ROI-INT-0004,INT-0004,222,7.407,3,MediaPipe,COCO_17,17,0.8473,0.8473,28.22
SMP-INT-0003-223,ROI-INT-0003,INT-0003,223,7.441,1,MediaPipe,COCO_17,17,0.7104,0.5433,25.84
SMP-INT-0004-223,ROI-INT-0004,INT-0004,223,7.441,3,MediaPipe,COCO_17,17,0.5,0.5,25.99
SMP-INT-0003-224,ROI-INT-0003,INT-0003,224,7.474,1,MediaPipe,COCO_17,17,0.8538,0.8036,29.06
SMP-INT-0004-224,ROI-INT-0004,INT-0004,224,7.474,3,MediaPipe,COCO_17,17,0.5,0.5,28.36
SMP-INT-0003-225,ROI-INT-0003,INT-0003,225,7.508,1,MediaPipe,COCO_17,17,0.8864,0.8864,27.69
SMP-INT-0004-225,ROI-INT-0004,INT-0004,225,7.508,3,MediaPipe,COCO_17,17,0.5,0.5,25.35
SMP-INT-0003-226,ROI-INT-0003,INT-0003,226,7.541,1,MediaPipe,COCO_17,17,0.8022,0.755,25.62
SMP-INT-0004-226,ROI-INT-0004,INT-0004,226,7.541,3,MediaPipe,COCO_17,17,0.8424,0.7928,28.03
SMP-INT-0003-227,ROI-INT-0003,INT-0003,227,7.574,1,MediaPipe,COCO_17,17,0.7735,0.6825,26.81
SMP-INT-0004-227,ROI-INT-0004,INT-0004,227,7.574,3,MediaPipe,COCO_17,17,0.8486,0.7987,27.19
SMP-INT-0003-228,ROI-INT-0003,INT-0003,228,7.608,1,MediaPipe,COCO_17,17,0.8558,0.8558,25.49
SMP-INT-0004-228,ROI-INT-0004,INT-0004,228,7.608,3,MediaPipe,COCO_17,17,0.849,0.7991,27.31
SMP-INT-0003-229,ROI-INT-0003,INT-0003,229,7.641,1,MediaPipe,COCO_17,17,0.9041,0.9041,27.95
SMP-INT-0004-229,ROI-INT-0004,INT-0004,229,7.641,3,MediaPipe,COCO_17,17,0.844,0.7944,27.01
SMP-INT-0003-230,ROI-INT-0003,INT-0003,230,7.674,1,MediaPipe,COCO_17,17,0.7922,0.699,25.69
SMP-INT-0004-230,ROI-INT-0004,INT-0004,230,7.674,3,MediaPipe,COCO_17,17,0.857,0.8066,25.64
SMP-INT-0004-231,ROI-INT-0004,INT-0004,231,7.708,3,MediaPipe,COCO_17,17,0.9133,0.9133,25.74
SMP-INT-0004-232,ROI-INT-0004,INT-0004,232,7.741,3,MediaPipe,COCO_17,17,0.8711,0.8711,25.54
SMP-INT-0004-233,ROI-INT-0004,INT-0004,233,7.774,3,MediaPipe,COCO_17,17,0.8804,0.8804,25.6
SMP-INT-0004-234,ROI-INT-0004,INT-0004,234,7.808,3,MediaPipe,COCO_17,17,0.8057,0.7109,26.01
SMP-INT-0004-235,ROI-INT-0004,INT-0004,235,7.841,3,MediaPipe,COCO_17,17,0.8124,0.8124,26.36
SMP-INT-0004-236,ROI-INT-0004,INT-0004,236,7.875,3,MediaPipe,COCO_17,17,0.5,0.5,10.7
SMP-INT-0004-237,ROI-INT-0004,INT-0004,237,7.908,3,MediaPipe,COCO_17,17,0.5,0.5,10.7
SMP-INT-0004-238,ROI-INT-0004,INT-0004,238,7.941,3,MediaPipe,COCO_17,17,0.8748,0.8748,26.48
SMP-INT-0004-239,ROI-INT-0004,INT-0004,239,7.975,3,MediaPipe,COCO_17,17,0.5,0.5,11.16
SMP-INT-0004-240,ROI-INT-0004,INT-0004,240,8.008,3,MediaPipe,COCO_17,17,0.7268,0.5986,25.67
SMP-INT-0004-241,ROI-INT-0004,INT-0004,241,8.041,3,MediaPipe,COCO_17,17,0.7607,0.6712,25.56
SMP-INT-0004-242,ROI-INT-0004,INT-0004,242,8.075,3,MediaPipe,COCO_17,17,0.791,0.698,25.93
SMP-INT-0004-244,ROI-INT-0004,INT-0004,244,8.141,3,MediaPipe,COCO_17,17,0.5,0.5,10.76
SMP-INT-0004-245,ROI-INT-0004,INT-0004,245,8.175,3,MediaPipe,COCO_17,17,0.7774,0.5944,25.62
SMP-INT-0004-249,ROI-INT-0004,INT-0004,249,8.308,3,MediaPipe,COCO_17,17,0.5,0.5,24.74
SMP-INT-0004-250,ROI-INT-0004,INT-0004,250,8.342,3,MediaPipe,COCO_17,17,0.5,0.5,10.82
SMP-INT-0004-251,ROI-INT-0004,INT-0004,251,8.375,3,MediaPipe,COCO_17,17,0.7194,0.5925,25.76
SMP-INT-0004-252,ROI-INT-0004,INT-0004,252,8.408,3,MediaPipe,COCO_17,17,0.5,0.5,10.89
SMP-INT-0004-253,ROI-INT-0004,INT-0004,253,8.442,3,MediaPipe,COCO_17,17,0.7015,0.5365,28.26
SMP-INT-0004-254,ROI-INT-0004,INT-0004,254,8.475,3,MediaPipe,COCO_17,17,0.708,0.583,25.81
SMP-INT-0004-256,ROI-INT-0004,INT-0004,256,8.542,3,MediaPipe,COCO_17,17,0.5,0.5,10.91
SMP-INT-0004-257,ROI-INT-0004,INT-0004,257,8.575,3,MediaPipe,COCO_17,17,0.5,0.5,11.81
SMP-INT-0004-264,ROI-INT-0004,INT-0004,264,8.809,3,MediaPipe,COCO_17,17,0.5,0.5,11.16
SMP-INT-0004-265,ROI-INT-0004,INT-0004,265,8.842,3,MediaPipe,COCO_17,17,0.5,0.5,11.12
SMP-INT-0004-266,ROI-INT-0004,INT-0004,266,8.876,3,MediaPipe,COCO_17,17,0.5,0.5,10.89
SMP-INT-0004-267,ROI-INT-0004,INT-0004,267,8.909,3,MediaPipe,COCO_17,17,0.5,0.5,11.26
SMP-INT-0004-268,ROI-INT-0004,INT-0004,268,8.942,3,MediaPipe,COCO_17,17,0.5,0.5,10.75
SMP-INT-0004-269,ROI-INT-0004,INT-0004,269,8.976,3,MediaPipe,COCO_17,17,0.8595,0.8089,25.53
SMP-INT-0004-270,ROI-INT-0004,INT-0004,270,9.009,3,MediaPipe,COCO_17,17,0.5,0.5,11.47
SMP-INT-0004-271,ROI-INT-0004,INT-0004,271,9.042,3,MediaPipe,COCO_17,17,0.5,0.5,27.07
SMP-INT-0004-272,ROI-INT-0004,INT-0004,272,9.076,3,MediaPipe,COCO_17,17,0.5,0.5,25.16
SMP-INT-0004-273,ROI-INT-0004,INT-0004,273,9.109,3,MediaPipe,COCO_17,17,0.5,0.5,10.89
SMP-INT-0004-274,ROI-INT-0004,INT-0004,274,9.142,3,MediaPipe,COCO_17,17,0.5,0.5,25.7
SMP-INT-0004-275,ROI-INT-0004,INT-0004,275,9.176,3,MediaPipe,COCO_17,17,0.5,0.5,25.24
SMP-INT-0004-276,ROI-INT-0004,INT-0004,276,9.209,3,MediaPipe,COCO_17,17,0.5,0.5,25.99
SMP-INT-0004-277,ROI-INT-0004,INT-0004,277,9.243,3,MediaPipe,COCO_17,17,0.5,0.5,24.87
SMP-INT-0004-278,ROI-INT-0004,INT-0004,278,9.276,3,MediaPipe,COCO_17,17,0.5,0.5,25.37
SMP-INT-0004-279,ROI-INT-0004,INT-0004,279,9.309,3,MediaPipe,COCO_17,17,0.5,0.5,10.88
SMP-INT-0004-280,ROI-INT-0004,INT-0004,280,9.343,3,MediaPipe,COCO_17,17,0.5,0.5,10.8
SMP-INT-0004-281,ROI-INT-0004,INT-0004,281,9.376,3,MediaPipe,COCO_17,17,0.5,0.5,27.21
SMP-INT-0004-282,ROI-INT-0004,INT-0004,282,9.409,3,MediaPipe,COCO_17,17,0.5,0.5,26.18
SMP-INT-0004-283,ROI-INT-0004,INT-0004,283,9.443,3,MediaPipe,COCO_17,17,0.5,0.5,24.95
SMP-INT-0004-284,ROI-INT-0004,INT-0004,284,9.476,3,MediaPipe,COCO_17,17,0.5,0.5,24.98
SMP-INT-0004-285,ROI-INT-0004,INT-0004,285,9.51,3,MediaPipe,COCO_17,17,0.5,0.5,24.93
SMP-INT-0004-286,ROI-INT-0004,INT-0004,286,9.543,3,MediaPipe,COCO_17,17,0.5,0.5,10.55
SMP-INT-0004-287,ROI-INT-0004,INT-0004,287,9.576,3,MediaPipe,COCO_17,17,0.5,0.5,26.74
SMP-INT-0004-288,ROI-INT-0004,INT-0004,288,9.61,3,MediaPipe,COCO_17,17,0.8659,0.8659,27.03
SMP-INT-0004-289,ROI-INT-0004,INT-0004,289,9.643,3,MediaPipe,COCO_17,17,0.8226,0.7742,25.26
SMP-INT-0004-290,ROI-INT-0004,INT-0004,290,9.676,3,MediaPipe,COCO_17,17,0.8718,0.8718,24.97
SMP-INT-0004-291,ROI-INT-0004,INT-0004,291,9.71,3,MediaPipe,COCO_17,17,0.8773,0.8773,25.89
SMP-INT-0004-292,ROI-INT-0004,INT-0004,292,9.743,3,MediaPipe,COCO_17,17,0.5,0.5,33.78
SMP-INT-0004-293,ROI-INT-0004,INT-0004,293,9.776,3,MediaPipe,COCO_17,17,0.5,0.5,26.53
SMP-INT-0004-294,ROI-INT-0004,INT-0004,294,9.81,3,MediaPipe,COCO_17,17,0.5,0.5,26.73
SMP-INT-0004-295,ROI-INT-0004,INT-0004,295,9.843,3,MediaPipe,COCO_17,17,0.8962,0.8962,25.45
SMP-INT-0004-296,ROI-INT-0004,INT-0004,296,9.877,3,MediaPipe,COCO_17,17,0.8129,0.7172,26.5
SMP-INT-0004-297,ROI-INT-0004,INT-0004,297,9.91,3,MediaPipe,COCO_17,17,0.5,0.5,25.78
SMP-INT-0004-298,ROI-INT-0004,INT-0004,298,9.943,3,MediaPipe,COCO_17,17,0.8112,0.8112,25.2
SMP-INT-0004-299,ROI-INT-0004,INT-0004,299,9.977,3,MediaPipe,COCO_17,17,0.8475,0.8475,25.43
SMP-INT-0004-300,ROI-INT-0004,INT-0004,300,10.01,3,MediaPipe,COCO_17,17,0.7897,0.7432,25.88
SMP-INT-0004-301,ROI-INT-0004,INT-0004,301,10.043,3,MediaPipe,COCO_17,17,0.7155,0.5471,27.5
SMP-INT-0004-302,ROI-INT-0004,INT-0004,302,10.077,3,MediaPipe,COCO_17,17,0.7525,0.6197,26.62
SMP-INT-0004-303,ROI-INT-0004,INT-0004,303,10.11,3,MediaPipe,COCO_17,17,0.7828,0.7828,25.28
SMP-INT-0004-304,ROI-INT-0004,INT-0004,304,10.143,3,MediaPipe,COCO_17,17,0.5,0.5,24.87
SMP-INT-0004-305,ROI-INT-0004,INT-0004,305,10.177,3,MediaPipe,COCO_17,17,0.7563,0.6673,25.34
SMP-INT-0004-306,ROI-INT-0004,INT-0004,306,10.21,3,MediaPipe,COCO_17,17,0.7484,0.6163,26.62
SMP-INT-0004-307,ROI-INT-0004,INT-0004,307,10.244,3,MediaPipe,COCO_17,17,0.7216,0.6367,26.63
SMP-INT-0004-308,ROI-INT-0004,INT-0004,308,10.277,3,MediaPipe,COCO_17,17,0.5,0.5,10.84
SMP-INT-0004-309,ROI-INT-0004,INT-0004,309,10.31,3,MediaPipe,COCO_17,17,0.7575,0.7575,25.82
SMP-INT-0004-310,ROI-INT-0004,INT-0004,310,10.344,3,MediaPipe,COCO_17,17,0.7435,0.656,26.5
SMP-INT-0004-311,ROI-INT-0004,INT-0004,311,10.377,3,MediaPipe,COCO_17,17,0.6678,0.5107,27.01
SMP-INT-0005-311,ROI-INT-0005,INT-0005,311,10.377,10000,MediaPipe,COCO_17,17,0.5,0.5,11.09
SMP-INT-0004-312,ROI-INT-0004,INT-0004,312,10.41,3,MediaPipe,COCO_17,17,0.6693,0.4724,25.41
SMP-INT-0004-313,ROI-INT-0004,INT-0004,313,10.444,3,MediaPipe,COCO_17,17,0.5,0.5,25.44
SMP-INT-0004-314,ROI-INT-0004,INT-0004,314,10.477,3,MediaPipe,COCO_17,17,0.6703,0.4731,25.58
SMP-INT-0004-315,ROI-INT-0004,INT-0004,315,10.511,3,MediaPipe,COCO_17,17,0.6706,0.5128,27.13
SMP-INT-0004-316,ROI-INT-0004,INT-0004,316,10.544,3,MediaPipe,COCO_17,17,0.5,0.5,10.71
SMP-INT-0004-317,ROI-INT-0004,INT-0004,317,10.577,3,MediaPipe,COCO_17,17,0.5,0.5,11.12
SMP-INT-0004-318,ROI-INT-0004,INT-0004,318,10.611,3,MediaPipe,COCO_17,17,0.5,0.5,11.66
SMP-INT-0004-320,ROI-INT-0004,INT-0004,320,10.677,3,MediaPipe,COCO_17,17,0.7264,0.5982,27.65
SMP-INT-0004-321,ROI-INT-0004,INT-0004,321,10.711,3,MediaPipe,COCO_17,17,0.6729,0.5146,25.28
SMP-INT-0004-322,ROI-INT-0004,INT-0004,322,10.744,3,MediaPipe,COCO_17,17,0.6437,0.4165,26.15
SMP-INT-0004-323,ROI-INT-0004,INT-0004,323,10.777,3,MediaPipe,COCO_17,17,0.7091,0.5422,26.3
SMP-INT-0004-324,ROI-INT-0004,INT-0004,324,10.811,3,MediaPipe,COCO_17,17,0.5,0.5,26.97
SMP-INT-0004-325,ROI-INT-0004,INT-0004,325,10.844,3,MediaPipe,COCO_17,17,0.7035,0.5379,25.69
SMP-INT-0004-326,ROI-INT-0004,INT-0004,326,10.878,3,MediaPipe,COCO_17,17,0.5,0.5,25.51
SMP-INT-0004-327,ROI-INT-0004,INT-0004,327,10.911,3,MediaPipe,COCO_17,17,0.637,0.4871,26.44
SMP-INT-0004-328,ROI-INT-0004,INT-0004,328,10.944,3,MediaPipe,COCO_17,17,0.5,0.5,26.2
SMP-INT-0004-329,ROI-INT-0004,INT-0004,329,10.978,3,MediaPipe,COCO_17,17,0.6725,0.4747,25.37
SMP-INT-0004-330,ROI-INT-0004,INT-0004,330,11.011,3,MediaPipe,COCO_17,17,0.684,0.523,25.74
SMP-INT-0004-331,ROI-INT-0004,INT-0004,331,11.044,3,MediaPipe,COCO_17,17,0.6847,0.5236,26.88
SMP-INT-0004-332,ROI-INT-0004,INT-0004,332,11.078,3,MediaPipe,COCO_17,17,0.6785,0.5188,26.26
SMP-INT-0004-333,ROI-INT-0004,INT-0004,333,11.111,3,MediaPipe,COCO_17,17,0.5,0.5,10.78
SMP-INT-0004-334,ROI-INT-0004,INT-0004,334,11.144,3,MediaPipe,COCO_17,17,0.8335,0.7845,25.48
SMP-INT-0004-335,ROI-INT-0004,INT-0004,335,11.178,3,MediaPipe,COCO_17,17,0.792,0.6988,26.59
SMP-INT-0004-336,ROI-INT-0004,INT-0004,336,11.211,3,MediaPipe,COCO_17,17,0.8312,0.7823,24.86
SMP-INT-0004-337,ROI-INT-0004,INT-0004,337,11.245,3,MediaPipe,COCO_17,17,0.8665,0.8665,25.46
SMP-INT-0004-338,ROI-INT-0004,INT-0004,338,11.278,3,MediaPipe,COCO_17,17,0.9543,0.9543,26.75
SMP-INT-0004-339,ROI-INT-0004,INT-0004,339,11.311,3,MediaPipe,COCO_17,17,0.5,0.5,11.53
SMP-INT-0008-340,ROI-INT-0008,INT-0008,340,11.345,10001,MediaPipe,COCO_17,17,0.8915,0.8915,26.88
SMP-INT-0007-340,ROI-INT-0007,INT-0007,340,11.345,10000,MediaPipe,COCO_17,17,0.5,0.5,11.2
SMP-INT-0004-340,ROI-INT-0004,INT-0004,340,11.345,3,MediaPipe,COCO_17,17,0.8952,0.8952,26.03
SMP-INT-0008-341,ROI-INT-0008,INT-0008,341,11.378,10001,MediaPipe,COCO_17,17,0.8035,0.8035,25.7
SMP-INT-0007-341,ROI-INT-0007,INT-0007,341,11.378,10000,MediaPipe,COCO_17,17,0.5,0.5,10.83
SMP-INT-0004-341,ROI-INT-0004,INT-0004,341,11.378,3,MediaPipe,COCO_17,17,0.8235,0.8235,27.98
SMP-INT-0008-342,ROI-INT-0008,INT-0008,342,11.411,10001,MediaPipe,COCO_17,17,0.7595,0.7148,25.5
SMP-INT-0007-342,ROI-INT-0007,INT-0007,342,11.411,10000,MediaPipe,COCO_17,17,0.837,0.7385,27.81
SMP-INT-0004-342,ROI-INT-0004,INT-0004,342,11.411,3,MediaPipe,COCO_17,17,0.7897,0.7432,25.71
SMP-INT-0008-344,ROI-INT-0008,INT-0008,344,11.478,10001,MediaPipe,COCO_17,17,0.7899,0.7434,27.44
SMP-INT-0007-344,ROI-INT-0007,INT-0007,344,11.478,10000,MediaPipe,COCO_17,17,0.5,0.5,11.3
SMP-INT-0004-344,ROI-INT-0004,INT-0004,344,11.478,3,MediaPipe,COCO_17,17,0.8537,0.8035,27.42
SMP-INT-0008-345,ROI-INT-0008,INT-0008,345,11.511,10001,MediaPipe,COCO_17,17,0.7438,0.6563,26.13
SMP-INT-0007-345,ROI-INT-0007,INT-0007,345,11.511,10000,MediaPipe,COCO_17,17,0.8783,0.8783,25.81
SMP-INT-0004-345,ROI-INT-0004,INT-0004,345,11.511,3,MediaPipe,COCO_17,17,0.8512,0.8512,26.16
SMP-INT-0008-348,ROI-INT-0008,INT-0008,348,11.612,10001,MediaPipe,COCO_17,17,0.7172,0.5485,26.04
SMP-INT-0007-348,ROI-INT-0007,INT-0007,348,11.612,10000,MediaPipe,COCO_17,17,0.7012,0.5362,25.51
SMP-INT-0004-348,ROI-INT-0004,INT-0004,348,11.612,3,MediaPipe,COCO_17,17,0.7507,0.6624,26.74
SMP-INT-0008-349,ROI-INT-0008,INT-0008,349,11.645,10001,MediaPipe,COCO_17,17,0.5,0.5,26.28
SMP-INT-0007-349,ROI-INT-0007,INT-0007,349,11.645,10000,MediaPipe,COCO_17,17,0.7931,0.6998,25.77
SMP-INT-0004-349,ROI-INT-0004,INT-0004,349,11.645,3,MediaPipe,COCO_17,17,0.7194,0.6347,25.32
SMP-INT-0008-350,ROI-INT-0008,INT-0008,350,11.678,10001,MediaPipe,COCO_17,17,0.677,0.4779,25.77
SMP-INT-0007-350,ROI-INT-0007,INT-0007,350,11.678,10000,MediaPipe,COCO_17,17,0.5,0.5,26.08
SMP-INT-0004-350,ROI-INT-0004,INT-0004,350,11.678,3,MediaPipe,COCO_17,17,0.6755,0.4769,25.44
SMP-INT-0004-351,ROI-INT-0004,INT-0004,351,11.712,3,MediaPipe,COCO_17,17,0.7409,0.6537,28.14
SMP-INT-0004-352,ROI-INT-0004,INT-0004,352,11.745,3,MediaPipe,COCO_17,17,0.7002,0.6178,25.51
SMP-INT-0004-353,ROI-INT-0004,INT-0004,353,11.778,3,MediaPipe,COCO_17,17,0.7002,0.5354,25.97
SMP-INT-0004-354,ROI-INT-0004,INT-0004,354,11.812,3,MediaPipe,COCO_17,17,0.7137,0.5878,28.3
SMP-INT-0004-355,ROI-INT-0004,INT-0004,355,11.845,3,MediaPipe,COCO_17,17,0.7506,0.7064,25.91
SMP-INT-0004-356,ROI-INT-0004,INT-0004,356,11.879,3,MediaPipe,COCO_17,17,0.6324,0.4464,25.71
SMP-INT-0004-357,ROI-INT-0004,INT-0004,357,11.912,3,MediaPipe,COCO_17,17,0.6783,0.5187,25.99
SMP-INT-0004-358,ROI-INT-0004,INT-0004,358,11.945,3,MediaPipe,COCO_17,17,0.6946,0.6129,26.94
SMP-INT-0004-359,ROI-INT-0004,INT-0004,359,11.979,3,MediaPipe,COCO_17,17,0.6884,0.5669,26.09
SMP-INT-0004-360,ROI-INT-0004,INT-0004,360,12.012,3,MediaPipe,COCO_17,17,0.7245,0.554,27.24
SMP-INT-0004-361,ROI-INT-0004,INT-0004,361,12.045,3,MediaPipe,COCO_17,17,0.7491,0.5729,25.68
SMP-INT-0004-362,ROI-INT-0004,INT-0004,362,12.079,3,MediaPipe,COCO_17,17,0.7754,0.6842,27.12
SMP-INT-0004-363,ROI-INT-0004,INT-0004,363,12.112,3,MediaPipe,COCO_17,17,0.7298,0.5581,25.88
SMP-INT-0004-364,ROI-INT-0004,INT-0004,364,12.145,3,MediaPipe,COCO_17,17,0.8039,0.7566,28.15
SMP-INT-0004-365,ROI-INT-0004,INT-0004,365,12.179,3,MediaPipe,COCO_17,17,0.7459,0.6142,25.96
SMP-INT-0004-366,ROI-INT-0004,INT-0004,366,12.212,3,MediaPipe,COCO_17,17,0.7198,0.5504,26.37
SMP-INT-0004-367,ROI-INT-0004,INT-0004,367,12.246,3,MediaPipe,COCO_17,17,0.7571,0.668,26.17
SMP-INT-0004-368,ROI-INT-0004,INT-0004,368,12.279,3,MediaPipe,COCO_17,17,0.7449,0.6572,26.61
SMP-INT-0004-369,ROI-INT-0004,INT-0004,369,12.312,3,MediaPipe,COCO_17,17,0.7637,0.6739,27.23
SMP-INT-0004-370,ROI-INT-0004,INT-0004,370,12.346,3,MediaPipe,COCO_17,17,0.7113,0.5439,25.75
SMP-INT-0004-371,ROI-INT-0004,INT-0004,371,12.379,3,MediaPipe,COCO_17,17,0.7678,0.7226,27.77
SMP-INT-0004-372,ROI-INT-0004,INT-0004,372,12.412,3,MediaPipe,COCO_17,17,0.7502,0.662,27.17
SMP-INT-0004-373,ROI-INT-0004,INT-0004,373,12.446,3,MediaPipe,COCO_17,17,0.7748,0.6837,26.43
SMP-INT-0004-374,ROI-INT-0004,INT-0004,374,12.479,3,MediaPipe,COCO_17,17,0.7681,0.6777,31.94
SMP-INT-0004-375,ROI-INT-0004,INT-0004,375,12.513,3,MediaPipe,COCO_17,17,0.7902,0.6972,27.53
SMP-INT-0004-376,ROI-INT-0004,INT-0004,376,12.546,3,MediaPipe,COCO_17,17,0.7774,0.686,28.63
SMP-INT-0004-377,ROI-INT-0004,INT-0004,377,12.579,3,MediaPipe,COCO_17,17,0.7414,0.6105,26.66
SMP-INT-0004-378,ROI-INT-0004,INT-0004,378,12.613,3,MediaPipe,COCO_17,17,0.7438,0.6563,33.58
SMP-INT-0004-379,ROI-INT-0004,INT-0004,379,12.646,3,MediaPipe,COCO_17,17,0.5,0.5,11.82
SMP-INT-0004-380,ROI-INT-0004,INT-0004,380,12.679,3,MediaPipe,COCO_17,17,0.5,0.5,13.9
SMP-INT-0004-381,ROI-INT-0004,INT-0004,381,12.713,3,MediaPipe,COCO_17,17,0.8054,0.7106,26.83
SMP-INT-0004-382,ROI-INT-0004,INT-0004,382,12.746,3,MediaPipe,COCO_17,17,0.7831,0.6449,25.46
SMP-INT-0004-383,ROI-INT-0004,INT-0004,383,12.779,3,MediaPipe,COCO_17,17,0.5,0.5,12.59
SMP-INT-0004-384,ROI-INT-0004,INT-0004,384,12.813,3,MediaPipe,COCO_17,17,0.8085,0.7609,33.83
SMP-INT-0004-385,ROI-INT-0004,INT-0004,385,12.846,3,MediaPipe,COCO_17,17,0.8119,0.7164,28.56
SMP-INT-0004-386,ROI-INT-0004,INT-0004,386,12.88,3,MediaPipe,COCO_17,17,0.5,0.5,10.79
SMP-INT-0004-387,ROI-INT-0004,INT-0004,387,12.913,3,MediaPipe,COCO_17,17,0.8106,0.7629,27.52
SMP-INT-0004-388,ROI-INT-0004,INT-0004,388,12.946,3,MediaPipe,COCO_17,17,0.7253,0.5973,31.4
SMP-INT-0004-389,ROI-INT-0004,INT-0004,389,12.98,3,MediaPipe,COCO_17,17,0.5,0.5,11.67
SMP-INT-0004-390,ROI-INT-0004,INT-0004,390,13.013,3,MediaPipe,COCO_17,17,0.5,0.5,13.91
SMP-INT-0004-391,ROI-INT-0004,INT-0004,391,13.046,3,MediaPipe,COCO_17,17,0.5,0.5,11.16
SMP-INT-0004-392,ROI-INT-0004,INT-0004,392,13.08,3,MediaPipe,COCO_17,17,0.5,0.5,11.56
SMP-INT-0004-393,ROI-INT-0004,INT-0004,393,13.113,3,MediaPipe,COCO_17,17,0.5,0.5,11.95
SMP-INT-0004-394,ROI-INT-0004,INT-0004,394,13.146,3,MediaPipe,COCO_17,17,0.5,0.5,11.42
SMP-INT-0004-395,ROI-INT-0004,INT-0004,395,13.18,3,MediaPipe,COCO_17,17,0.749,0.5727,27.02
SMP-INT-0004-396,ROI-INT-0004,INT-0004,396,13.213,3,MediaPipe,COCO_17,17,0.5,0.5,11.38
SMP-INT-0004-397,ROI-INT-0004,INT-0004,397,13.247,3,MediaPipe,COCO_17,17,0.5,0.5,11.42
SMP-INT-0004-398,ROI-INT-0004,INT-0004,398,13.28,3,MediaPipe,COCO_17,17,0.5,0.5,11.95
SMP-INT-0004-399,ROI-INT-0004,INT-0004,399,13.313,3,MediaPipe,COCO_17,17,0.5,0.5,11.05
SMP-INT-0004-400,ROI-INT-0004,INT-0004,400,13.347,3,MediaPipe,COCO_17,17,0.8066,0.7117,27.0
SMP-INT-0004-401,ROI-INT-0004,INT-0004,401,13.38,3,MediaPipe,COCO_17,17,0.7752,0.684,31.58
SMP-INT-0004-402,ROI-INT-0004,INT-0004,402,13.413,3,MediaPipe,COCO_17,17,0.7919,0.6988,27.29
SMP-INT-0004-403,ROI-INT-0004,INT-0004,403,13.447,3,MediaPipe,COCO_17,17,0.8117,0.7162,28.66
SMP-INT-0004-404,ROI-INT-0004,INT-0004,404,13.48,3,MediaPipe,COCO_17,17,0.8152,0.7193,27.21
SMP-INT-0004-405,ROI-INT-0004,INT-0004,405,13.514,3,MediaPipe,COCO_17,17,0.7754,0.6842,29.45
SMP-INT-0004-406,ROI-INT-0004,INT-0004,406,13.547,3,MediaPipe,COCO_17,17,0.7866,0.6478,27.69
SMP-INT-0004-407,ROI-INT-0004,INT-0004,407,13.58,3,MediaPipe,COCO_17,17,0.7889,0.6497,28.52
SMP-INT-0004-408,ROI-INT-0004,INT-0004,408,13.614,3,MediaPipe,COCO_17,17,0.7804,0.6427,30.8
SMP-INT-0004-409,ROI-INT-0004,INT-0004,409,13.647,3,MediaPipe,COCO_17,17,0.7802,0.6425,29.3
SMP-INT-0004-410,ROI-INT-0004,INT-0004,410,13.68,3,MediaPipe,COCO_17,17,0.7765,0.6395,26.71
SMP-INT-0004-411,ROI-INT-0004,INT-0004,411,13.714,3,MediaPipe,COCO_17,17,0.795,0.7015,27.26
SMP-INT-0004-412,ROI-INT-0004,INT-0004,412,13.747,3,MediaPipe,COCO_17,17,0.7948,0.7013,25.49
SMP-INT-0004-413,ROI-INT-0004,INT-0004,413,13.78,3,MediaPipe,COCO_17,17,0.8228,0.726,28.21
SMP-INT-0004-414,ROI-INT-0004,INT-0004,414,13.814,3,MediaPipe,COCO_17,17,0.7785,0.6411,28.93
SMP-INT-0004-415,ROI-INT-0004,INT-0004,415,13.847,3,MediaPipe,COCO_17,17,0.8199,0.7234,27.89
SMP-INT-0004-416,ROI-INT-0004,INT-0004,416,13.881,3,MediaPipe,COCO_17,17,0.8005,0.6593,26.74
SMP-INT-0004-417,ROI-INT-0004,INT-0004,417,13.914,3,MediaPipe,COCO_17,17,0.5,0.5,13.23
SMP-INT-0004-418,ROI-INT-0004,INT-0004,418,13.947,3,MediaPipe,COCO_17,17,0.5,0.5,12.47
SMP-INT-0004-419,ROI-INT-0004,INT-0004,419,13.981,3,MediaPipe,COCO_17,17,0.5,0.5,29.16
SMP-INT-0004-420,ROI-INT-0004,INT-0004,420,14.014,3,MediaPipe,COCO_17,17,0.6397,0.4139,26.1
SMP-INT-0004-421,ROI-INT-0004,INT-0004,421,14.047,3,MediaPipe,COCO_17,17,0.7766,0.6395,34.11
SMP-INT-0004-422,ROI-INT-0004,INT-0004,422,14.081,3,MediaPipe,COCO_17,17,0.7635,0.6288,30.01
SMP-INT-0004-423,ROI-INT-0004,INT-0004,423,14.114,3,MediaPipe,COCO_17,17,0.5,0.5,13.61
SMP-INT-0004-424,ROI-INT-0004,INT-0004,424,14.147,3,MediaPipe,COCO_17,17,0.5,0.5,30.94
SMP-INT-0004-425,ROI-INT-0004,INT-0004,425,14.181,3,MediaPipe,COCO_17,17,0.7799,0.6423,32.07
SMP-INT-0004-426,ROI-INT-0004,INT-0004,426,14.214,3,MediaPipe,COCO_17,17,0.5,0.5,26.71
SMP-INT-0004-427,ROI-INT-0004,INT-0004,427,14.248,3,MediaPipe,COCO_17,17,0.5,0.5,13.34
SMP-INT-0004-428,ROI-INT-0004,INT-0004,428,14.281,3,MediaPipe,COCO_17,17,0.7513,0.5745,28.16
SMP-INT-0004-429,ROI-INT-0004,INT-0004,429,14.314,3,MediaPipe,COCO_17,17,0.6433,0.3784,31.97
SMP-INT-0004-430,ROI-INT-0004,INT-0004,430,14.348,3,MediaPipe,COCO_17,17,0.5,0.5,27.93
SMP-INT-0004-431,ROI-INT-0004,INT-0004,431,14.381,3,MediaPipe,COCO_17,17,0.7117,0.5442,36.13
SMP-INT-0004-432,ROI-INT-0004,INT-0004,432,14.414,3,MediaPipe,COCO_17,17,0.783,0.6448,26.14
SMP-INT-0004-433,ROI-INT-0004,INT-0004,433,14.448,3,MediaPipe,COCO_17,17,0.7655,0.6304,30.95
SMP-INT-0004-434,ROI-INT-0004,INT-0004,434,14.481,3,MediaPipe,COCO_17,17,0.5,0.5,15.44
SMP-INT-0004-435,ROI-INT-0004,INT-0004,435,14.514,3,MediaPipe,COCO_17,17,0.7237,0.6386,30.17
SMP-INT-0004-436,ROI-INT-0004,INT-0004,436,14.548,3,MediaPipe,COCO_17,17,0.5,0.5,26.79
SMP-INT-0004-437,ROI-INT-0004,INT-0004,437,14.581,3,MediaPipe,COCO_17,17,0.7406,0.5664,29.49
SMP-INT-0004-438,ROI-INT-0004,INT-0004,438,14.615,3,MediaPipe,COCO_17,17,0.5,0.5,14.12
SMP-INT-0004-439,ROI-INT-0004,INT-0004,439,14.648,3,MediaPipe,COCO_17,17,0.5,0.5,12.39
SMP-INT-0004-440,ROI-INT-0004,INT-0004,440,14.681,3,MediaPipe,COCO_17,17,0.5,0.5,12.42
SMP-INT-0004-441,ROI-INT-0004,INT-0004,441,14.715,3,MediaPipe,COCO_17,17,0.5,0.5,12.13
SMP-INT-0004-442,ROI-INT-0004,INT-0004,442,14.748,3,MediaPipe,COCO_17,17,0.5,0.5,31.03
SMP-INT-0004-443,ROI-INT-0004,INT-0004,443,14.781,3,MediaPipe,COCO_17,17,0.5,0.5,11.26
SMP-INT-0004-444,ROI-INT-0004,INT-0004,444,14.815,3,MediaPipe,COCO_17,17,0.5,0.5,12.73
SMP-INT-0004-445,ROI-INT-0004,INT-0004,445,14.848,3,MediaPipe,COCO_17,17,0.5,0.5,14.19
SMP-INT-0004-446,ROI-INT-0004,INT-0004,446,14.882,3,MediaPipe,COCO_17,17,0.5,0.5,11.61
SMP-INT-0004-447,ROI-INT-0004,INT-0004,447,14.915,3,MediaPipe,COCO_17,17,0.5,0.5,11.62
SMP-INT-0004-448,ROI-INT-0004,INT-0004,448,14.948,3,MediaPipe,COCO_17,17,0.5,0.5,11.21
SMP-INT-0004-449,ROI-INT-0004,INT-0004,449,14.982,3,MediaPipe,COCO_17,17,0.5,0.5,11.97
SMP-INT-0004-450,ROI-INT-0004,INT-0004,450,15.015,3,MediaPipe,COCO_17,17,0.5,0.5,11.32
SMP-INT-0004-451,ROI-INT-0004,INT-0004,451,15.048,3,MediaPipe,COCO_17,17,0.5,0.5,14.37
SMP-INT-0019-451,ROI-INT-0019,INT-0019,451,15.048,4,MediaPipe,COCO_17,17,0.7644,0.5845,31.33
SMP-INT-0004-452,ROI-INT-0004,INT-0004,452,15.082,3,MediaPipe,COCO_17,17,0.5,0.5,11.1
SMP-INT-0019-452,ROI-INT-0019,INT-0019,452,15.082,4,MediaPipe,COCO_17,17,0.7648,0.5848,28.75
SMP-INT-0004-453,ROI-INT-0004,INT-0004,453,15.115,3,MediaPipe,COCO_17,17,0.5,0.5,14.99
SMP-INT-0019-453,ROI-INT-0019,INT-0019,453,15.115,4,MediaPipe,COCO_17,17,0.764,0.5842,34.81
SMP-INT-0004-454,ROI-INT-0004,INT-0004,454,15.148,3,MediaPipe,COCO_17,17,0.5,0.5,13.48
SMP-INT-0019-454,ROI-INT-0019,INT-0019,454,15.148,4,MediaPipe,COCO_17,17,0.7661,0.5859,28.49
SMP-INT-0004-455,ROI-INT-0004,INT-0004,455,15.182,3,MediaPipe,COCO_17,17,0.5,0.5,13.18
SMP-INT-0019-455,ROI-INT-0019,INT-0019,455,15.182,4,MediaPipe,COCO_17,17,0.7676,0.587,25.97
SMP-INT-0004-456,ROI-INT-0004,INT-0004,456,15.215,3,MediaPipe,COCO_17,17,0.5,0.5,10.83
SMP-INT-0019-456,ROI-INT-0019,INT-0019,456,15.215,4,MediaPipe,COCO_17,17,0.7689,0.588,25.82
SMP-INT-0004-457,ROI-INT-0004,INT-0004,457,15.249,3,MediaPipe,COCO_17,17,0.5,0.5,12.63
SMP-INT-0019-457,ROI-INT-0019,INT-0019,457,15.249,4,MediaPipe,COCO_17,17,0.7633,0.5837,27.3
SMP-INT-0004-458,ROI-INT-0004,INT-0004,458,15.282,3,MediaPipe,COCO_17,17,0.5,0.5,10.68
SMP-INT-0019-458,ROI-INT-0019,INT-0019,458,15.282,4,MediaPipe,COCO_17,17,0.7555,0.5778,25.82
SMP-INT-0004-459,ROI-INT-0004,INT-0004,459,15.315,3,MediaPipe,COCO_17,17,0.5,0.5,11.14
SMP-INT-0019-459,ROI-INT-0019,INT-0019,459,15.315,4,MediaPipe,COCO_17,17,0.7474,0.5715,27.17
SMP-INT-0004-460,ROI-INT-0004,INT-0004,460,15.349,3,MediaPipe,COCO_17,17,0.5,0.5,11.42
SMP-INT-0019-460,ROI-INT-0019,INT-0019,460,15.349,4,MediaPipe,COCO_17,17,0.7513,0.5745,30.99
SMP-INT-0004-461,ROI-INT-0004,INT-0004,461,15.382,3,MediaPipe,COCO_17,17,0.5,0.5,14.91
SMP-INT-0019-461,ROI-INT-0019,INT-0019,461,15.382,4,MediaPipe,COCO_17,17,0.7542,0.5768,31.48
SMP-INT-0004-462,ROI-INT-0004,INT-0004,462,15.415,3,MediaPipe,COCO_17,17,0.5,0.5,11.17
SMP-INT-0019-462,ROI-INT-0019,INT-0019,462,15.415,4,MediaPipe,COCO_17,17,0.704,0.5383,25.55
SMP-INT-0004-463,ROI-INT-0004,INT-0004,463,15.449,3,MediaPipe,COCO_17,17,0.5,0.5,12.75
SMP-INT-0019-463,ROI-INT-0019,INT-0019,463,15.449,4,MediaPipe,COCO_17,17,0.6524,0.4221,32.9
SMP-INT-0004-464,ROI-INT-0004,INT-0004,464,15.482,3,MediaPipe,COCO_17,17,0.5,0.5,13.11
SMP-INT-0019-464,ROI-INT-0019,INT-0019,464,15.482,4,MediaPipe,COCO_17,17,0.6606,0.4275,27.38
SMP-INT-0004-465,ROI-INT-0004,INT-0004,465,15.515,3,MediaPipe,COCO_17,17,0.5,0.5,15.14
SMP-INT-0019-465,ROI-INT-0019,INT-0019,465,15.515,4,MediaPipe,COCO_17,17,0.5,0.5,14.39
SMP-INT-0004-466,ROI-INT-0004,INT-0004,466,15.549,3,MediaPipe,COCO_17,17,0.5,0.5,11.44
SMP-INT-0019-466,ROI-INT-0019,INT-0019,466,15.549,4,MediaPipe,COCO_17,17,0.5,0.5,10.97
SMP-INT-0004-467,ROI-INT-0004,INT-0004,467,15.582,3,MediaPipe,COCO_17,17,0.5,0.5,14.33
SMP-INT-0019-467,ROI-INT-0019,INT-0019,467,15.582,4,MediaPipe,COCO_17,17,0.5,0.5,14.68
SMP-INT-0004-468,ROI-INT-0004,INT-0004,468,15.616,3,MediaPipe,COCO_17,17,0.5,0.5,11.28
SMP-INT-0019-468,ROI-INT-0019,INT-0019,468,15.616,4,MediaPipe,COCO_17,17,0.5,0.5,14.39
SMP-INT-0004-469,ROI-INT-0004,INT-0004,469,15.649,3,MediaPipe,COCO_17,17,0.5,0.5,14.25
SMP-INT-0019-469,ROI-INT-0019,INT-0019,469,15.649,4,MediaPipe,COCO_17,17,0.5,0.5,13.05
SMP-INT-0004-470,ROI-INT-0004,INT-0004,470,15.682,3,MediaPipe,COCO_17,17,0.5,0.5,11.37
SMP-INT-0019-470,ROI-INT-0019,INT-0019,470,15.682,4,MediaPipe,COCO_17,17,0.5,0.5,10.62
SMP-INT-0004-471,ROI-INT-0004,INT-0004,471,15.716,3,MediaPipe,COCO_17,17,0.5,0.5,11.88
SMP-INT-0019-471,ROI-INT-0019,INT-0019,471,15.716,4,MediaPipe,COCO_17,17,0.585,0.3786,28.1
SMP-INT-0004-472,ROI-INT-0004,INT-0004,472,15.749,3,MediaPipe,COCO_17,17,0.5,0.5,11.82
SMP-INT-0019-472,ROI-INT-0019,INT-0019,472,15.749,4,MediaPipe,COCO_17,17,0.8309,0.7332,27.29
SMP-INT-0004-473,ROI-INT-0004,INT-0004,473,15.782,3,MediaPipe,COCO_17,17,0.5,0.5,12.07
SMP-INT-0019-473,ROI-INT-0019,INT-0019,473,15.782,4,MediaPipe,COCO_17,17,0.7568,0.6232,26.15
SMP-INT-0004-474,ROI-INT-0004,INT-0004,474,15.816,3,MediaPipe,COCO_17,17,0.5,0.5,10.86
SMP-INT-0019-474,ROI-INT-0019,INT-0019,474,15.816,4,MediaPipe,COCO_17,17,0.6462,0.4181,26.5
SMP-INT-0004-475,ROI-INT-0004,INT-0004,475,15.849,3,MediaPipe,COCO_17,17,0.5,0.5,10.61
SMP-INT-0019-475,ROI-INT-0019,INT-0019,475,15.849,4,MediaPipe,COCO_17,17,0.6292,0.4071,26.04
SMP-INT-0004-476,ROI-INT-0004,INT-0004,476,15.883,3,MediaPipe,COCO_17,17,0.5,0.5,13.25
SMP-INT-0019-476,ROI-INT-0019,INT-0019,476,15.883,4,MediaPipe,COCO_17,17,0.8035,0.709,25.11
SMP-INT-0004-477,ROI-INT-0004,INT-0004,477,15.916,3,MediaPipe,COCO_17,17,0.5,0.5,11.02
SMP-INT-0019-477,ROI-INT-0019,INT-0019,477,15.916,4,MediaPipe,COCO_17,17,0.7936,0.7002,26.88
SMP-INT-0004-478,ROI-INT-0004,INT-0004,478,15.949,3,MediaPipe,COCO_17,17,0.5,0.5,10.72
SMP-INT-0019-478,ROI-INT-0019,INT-0019,478,15.949,4,MediaPipe,COCO_17,17,0.5,0.5,11.13
SMP-INT-0004-479,ROI-INT-0004,INT-0004,479,15.983,3,MediaPipe,COCO_17,17,0.5,0.5,12.48
SMP-INT-0019-479,ROI-INT-0019,INT-0019,479,15.983,4,MediaPipe,COCO_17,17,0.7197,0.5504,35.62
SMP-INT-0004-480,ROI-INT-0004,INT-0004,480,16.016,3,MediaPipe,COCO_17,17,0.5,0.5,16.33
SMP-INT-0019-480,ROI-INT-0019,INT-0019,480,16.016,4,MediaPipe,COCO_17,17,0.5,0.5,12.56
SMP-INT-0004-481,ROI-INT-0004,INT-0004,481,16.049,3,MediaPipe,COCO_17,17,0.5,0.5,11.25
SMP-INT-0019-481,ROI-INT-0019,INT-0019,481,16.049,4,MediaPipe,COCO_17,17,0.7976,0.7038,29.29
SMP-INT-0004-482,ROI-INT-0004,INT-0004,482,16.083,3,MediaPipe,COCO_17,17,0.5,0.5,15.58
SMP-INT-0019-482,ROI-INT-0019,INT-0019,482,16.083,4,MediaPipe,COCO_17,17,0.6758,0.5168,25.39
SMP-INT-0004-483,ROI-INT-0004,INT-0004,483,16.116,3,MediaPipe,COCO_17,17,0.5,0.5,15.11
SMP-INT-0019-483,ROI-INT-0019,INT-0019,483,16.116,4,MediaPipe,COCO_17,17,0.5,0.5,10.68
SMP-INT-0004-484,ROI-INT-0004,INT-0004,484,16.149,3,MediaPipe,COCO_17,17,0.5,0.5,13.93
SMP-INT-0019-484,ROI-INT-0019,INT-0019,484,16.149,4,MediaPipe,COCO_17,17,0.5,0.5,13.75
SMP-INT-0004-485,ROI-INT-0004,INT-0004,485,16.183,3,MediaPipe,COCO_17,17,0.5,0.5,11.8
SMP-INT-0019-485,ROI-INT-0019,INT-0019,485,16.183,4,MediaPipe,COCO_17,17,0.7919,0.6988,29.99
SMP-INT-0004-486,ROI-INT-0004,INT-0004,486,16.216,3,MediaPipe,COCO_17,17,0.5,0.5,11.68
SMP-INT-0019-486,ROI-INT-0019,INT-0019,486,16.216,4,MediaPipe,COCO_17,17,0.7628,0.5833,25.6
SMP-INT-0004-487,ROI-INT-0004,INT-0004,487,16.25,3,MediaPipe,COCO_17,17,0.5,0.5,10.86
SMP-INT-0019-487,ROI-INT-0019,INT-0019,487,16.25,4,MediaPipe,COCO_17,17,0.5,0.5,11.87
SMP-INT-0004-488,ROI-INT-0004,INT-0004,488,16.283,3,MediaPipe,COCO_17,17,0.5,0.5,13.43
SMP-INT-0019-488,ROI-INT-0019,INT-0019,488,16.283,4,MediaPipe,COCO_17,17,0.5,0.5,11.4
SMP-INT-0004-489,ROI-INT-0004,INT-0004,489,16.316,3,MediaPipe,COCO_17,17,0.5,0.5,11.12
SMP-INT-0019-489,ROI-INT-0019,INT-0019,489,16.316,4,MediaPipe,COCO_17,17,0.5,0.5,10.84
SMP-INT-0004-490,ROI-INT-0004,INT-0004,490,16.35,3,MediaPipe,COCO_17,17,0.5,0.5,12.78
SMP-INT-0019-490,ROI-INT-0019,INT-0019,490,16.35,4,MediaPipe,COCO_17,17,0.7426,0.5679,27.41
SMP-INT-0004-491,ROI-INT-0004,INT-0004,491,16.383,3,MediaPipe,COCO_17,17,0.5,0.5,10.53
SMP-INT-0019-491,ROI-INT-0019,INT-0019,491,16.383,4,MediaPipe,COCO_17,17,0.6318,0.4088,26.21
SMP-INT-0004-492,ROI-INT-0004,INT-0004,492,16.416,3,MediaPipe,COCO_17,17,0.5,0.5,11.0
SMP-INT-0019-492,ROI-INT-0019,INT-0019,492,16.416,4,MediaPipe,COCO_17,17,0.6854,0.4435,30.08
SMP-INT-0004-493,ROI-INT-0004,INT-0004,493,16.45,3,MediaPipe,COCO_17,17,0.6223,0.4392,28.07
SMP-INT-0019-493,ROI-INT-0019,INT-0019,493,16.45,4,MediaPipe,COCO_17,17,0.7009,0.536,31.05
SMP-INT-0004-494,ROI-INT-0004,INT-0004,494,16.483,3,MediaPipe,COCO_17,17,0.7012,0.5775,25.48
SMP-INT-0019-494,ROI-INT-0019,INT-0019,494,16.483,4,MediaPipe,COCO_17,17,0.6943,0.531,25.42
SMP-INT-0004-495,ROI-INT-0004,INT-0004,495,16.517,3,MediaPipe,COCO_17,17,0.5,0.5,11.07
SMP-INT-0019-495,ROI-INT-0019,INT-0019,495,16.517,4,MediaPipe,COCO_17,17,0.5,0.5,10.94
SMP-INT-0004-496,ROI-INT-0004,INT-0004,496,16.55,3,MediaPipe,COCO_17,17,0.701,0.5773,25.88
SMP-INT-0019-496,ROI-INT-0019,INT-0019,496,16.55,4,MediaPipe,COCO_17,17,0.7377,0.5641,39.33
SMP-INT-0004-497,ROI-INT-0004,INT-0004,497,16.583,3,MediaPipe,COCO_17,17,0.5,0.5,15.43
SMP-INT-0019-497,ROI-INT-0019,INT-0019,497,16.583,4,MediaPipe,COCO_17,17,0.5,0.5,14.13
SMP-INT-0004-498,ROI-INT-0004,INT-0004,498,16.617,3,MediaPipe,COCO_17,17,0.5,0.5,11.14
SMP-INT-0019-498,ROI-INT-0019,INT-0019,498,16.617,4,MediaPipe,COCO_17,17,0.7035,0.538,27.29
SMP-INT-0004-499,ROI-INT-0004,INT-0004,499,16.65,3,MediaPipe,COCO_17,17,0.8066,0.7117,31.53
SMP-INT-0019-499,ROI-INT-0019,INT-0019,499,16.65,4,MediaPipe,COCO_17,17,0.6773,0.4781,32.03
SMP-INT-0004-500,ROI-INT-0004,INT-0004,500,16.683,3,MediaPipe,COCO_17,17,0.6995,0.6172,30.91
SMP-INT-0019-500,ROI-INT-0019,INT-0019,500,16.683,4,MediaPipe,COCO_17,17,0.757,0.5789,27.2
SMP-INT-0004-501,ROI-INT-0004,INT-0004,501,16.717,3,MediaPipe,COCO_17,17,0.7696,0.6791,28.71
SMP-INT-0019-501,ROI-INT-0019,INT-0019,501,16.717,4,MediaPipe,COCO_17,17,0.8197,0.7233,25.27
SMP-INT-0004-502,ROI-INT-0004,INT-0004,502,16.75,3,MediaPipe,COCO_17,17,0.5,0.5,10.61
SMP-INT-0019-502,ROI-INT-0019,INT-0019,502,16.75,4,MediaPipe,COCO_17,17,0.5,0.5,10.55
SMP-INT-0004-503,ROI-INT-0004,INT-0004,503,16.783,3,MediaPipe,COCO_17,17,0.7562,0.5783,25.57
SMP-INT-0019-503,ROI-INT-0019,INT-0019,503,16.783,4,MediaPipe,COCO_17,17,0.708,0.5414,28.88
SMP-INT-0004-504,ROI-INT-0004,INT-0004,504,16.817,3,MediaPipe,COCO_17,17,0.7493,0.573,25.46
SMP-INT-0019-504,ROI-INT-0019,INT-0019,504,16.817,4,MediaPipe,COCO_17,17,0.757,0.5789,25.59
SMP-INT-0004-505,ROI-INT-0004,INT-0004,505,16.85,3,MediaPipe,COCO_17,17,0.7593,0.5807,25.7
SMP-INT-0019-505,ROI-INT-0019,INT-0019,505,16.85,4,MediaPipe,COCO_17,17,0.7595,0.5808,25.75
SMP-INT-0004-506,ROI-INT-0004,INT-0004,506,16.884,3,MediaPipe,COCO_17,17,0.7593,0.5806,25.98
SMP-INT-0019-506,ROI-INT-0019,INT-0019,506,16.884,4,MediaPipe,COCO_17,17,0.7583,0.5798,33.96
SMP-INT-0004-507,ROI-INT-0004,INT-0004,507,16.917,3,MediaPipe,COCO_17,17,0.5,0.5,10.55
SMP-INT-0019-507,ROI-INT-0019,INT-0019,507,16.917,4,MediaPipe,COCO_17,17,0.5,0.5,15.91
SMP-INT-0004-508,ROI-INT-0004,INT-0004,508,16.95,3,MediaPipe,COCO_17,17,0.5,0.5,12.37
SMP-INT-0019-508,ROI-INT-0019,INT-0019,508,16.95,4,MediaPipe,COCO_17,17,0.6739,0.5153,27.68
SMP-INT-0004-509,ROI-INT-0004,INT-0004,509,16.984,3,MediaPipe,COCO_17,17,0.5,0.5,10.86
SMP-INT-0019-509,ROI-INT-0019,INT-0019,509,16.984,4,MediaPipe,COCO_17,17,0.5,0.5,10.83
SMP-INT-0004-510,ROI-INT-0004,INT-0004,510,17.017,3,MediaPipe,COCO_17,17,0.7581,0.5797,27.13
SMP-INT-0019-510,ROI-INT-0019,INT-0019,510,17.017,4,MediaPipe,COCO_17,17,0.7067,0.5404,26.68
SMP-INT-0004-511,ROI-INT-0004,INT-0004,511,17.05,3,MediaPipe,COCO_17,17,0.7112,0.5439,25.68
SMP-INT-0019-511,ROI-INT-0019,INT-0019,511,17.05,4,MediaPipe,COCO_17,17,0.6402,0.4143,28.38
SMP-INT-0004-512,ROI-INT-0004,INT-0004,512,17.084,3,MediaPipe,COCO_17,17,0.5,0.5,11.36
SMP-INT-0019-512,ROI-INT-0019,INT-0019,512,17.084,4,MediaPipe,COCO_17,17,0.5,0.5,11.58
SMP-INT-0004-513,ROI-INT-0004,INT-0004,513,17.117,3,MediaPipe,COCO_17,17,0.5,0.5,10.58
SMP-INT-0019-513,ROI-INT-0019,INT-0019,513,17.117,4,MediaPipe,COCO_17,17,0.5,0.5,10.62
SMP-INT-0004-514,ROI-INT-0004,INT-0004,514,17.15,3,MediaPipe,COCO_17,17,0.5,0.5,10.59
SMP-INT-0019-514,ROI-INT-0019,INT-0019,514,17.15,4,MediaPipe,COCO_17,17,0.5,0.5,12.37
SMP-INT-0004-515,ROI-INT-0004,INT-0004,515,17.184,3,MediaPipe,COCO_17,17,0.5,0.5,11.27
SMP-INT-0019-515,ROI-INT-0019,INT-0019,515,17.184,4,MediaPipe,COCO_17,17,0.5,0.5,11.13
SMP-INT-0004-516,ROI-INT-0004,INT-0004,516,17.217,3,MediaPipe,COCO_17,17,0.5,0.5,16.94
SMP-INT-0019-516,ROI-INT-0019,INT-0019,516,17.217,4,MediaPipe,COCO_17,17,0.5,0.5,15.43
SMP-INT-0004-517,ROI-INT-0004,INT-0004,517,17.251,3,MediaPipe,COCO_17,17,0.5,0.5,10.93
SMP-INT-0019-517,ROI-INT-0019,INT-0019,517,17.251,4,MediaPipe,COCO_17,17,0.4641,0.2457,27.35
SMP-INT-0004-518,ROI-INT-0004,INT-0004,518,17.284,3,MediaPipe,COCO_17,17,0.5,0.5,10.76
SMP-INT-0019-518,ROI-INT-0019,INT-0019,518,17.284,4,MediaPipe,COCO_17,17,0.5,0.5,10.92
SMP-INT-0004-519,ROI-INT-0004,INT-0004,519,17.317,3,MediaPipe,COCO_17,17,0.5,0.5,16.38
SMP-INT-0019-519,ROI-INT-0019,INT-0019,519,17.317,4,MediaPipe,COCO_17,17,0.5352,0.3463,31.09
SMP-INT-0004-520,ROI-INT-0004,INT-0004,520,17.351,3,MediaPipe,COCO_17,17,0.5,0.5,10.75
SMP-INT-0019-520,ROI-INT-0019,INT-0019,520,17.351,4,MediaPipe,COCO_17,17,0.5,0.5,13.21
SMP-INT-0004-521,ROI-INT-0004,INT-0004,521,17.384,3,MediaPipe,COCO_17,17,0.5,0.5,13.64
SMP-INT-0019-521,ROI-INT-0019,INT-0019,521,17.384,4,MediaPipe,COCO_17,17,0.5,0.5,28.33
SMP-INT-0004-522,ROI-INT-0004,INT-0004,522,17.417,3,MediaPipe,COCO_17,17,0.5,0.5,10.49
SMP-INT-0019-522,ROI-INT-0019,INT-0019,522,17.417,4,MediaPipe,COCO_17,17,0.5,0.5,10.56
SMP-INT-0004-523,ROI-INT-0004,INT-0004,523,17.451,3,MediaPipe,COCO_17,17,0.5,0.5,12.62
SMP-INT-0019-523,ROI-INT-0019,INT-0019,523,17.451,4,MediaPipe,COCO_17,17,0.5,0.5,10.99
SMP-INT-0004-524,ROI-INT-0004,INT-0004,524,17.484,3,MediaPipe,COCO_17,17,0.5,0.5,10.63
SMP-INT-0019-524,ROI-INT-0019,INT-0019,524,17.484,4,MediaPipe,COCO_17,17,0.5,0.5,12.43
SMP-INT-0004-525,ROI-INT-0004,INT-0004,525,17.518,3,MediaPipe,COCO_17,17,0.5,0.5,11.89
SMP-INT-0019-525,ROI-INT-0019,INT-0019,525,17.518,4,MediaPipe,COCO_17,17,0.4938,0.2904,29.73
SMP-INT-0026-526,ROI-INT-0026,INT-0026,526,17.551,10002,MediaPipe,COCO_17,17,0.5,0.5,25.92
SMP-INT-0004-526,ROI-INT-0004,INT-0004,526,17.551,3,MediaPipe,COCO_17,17,0.5,0.5,10.88
SMP-INT-0019-526,ROI-INT-0019,INT-0019,526,17.551,4,MediaPipe,COCO_17,17,0.5,0.5,12.24
SMP-INT-0004-527,ROI-INT-0004,INT-0004,527,17.584,3,MediaPipe,COCO_17,17,0.5,0.5,10.89
SMP-INT-0019-527,ROI-INT-0019,INT-0019,527,17.584,4,MediaPipe,COCO_17,17,0.5,0.5,13.01
SMP-INT-0004-528,ROI-INT-0004,INT-0004,528,17.618,3,MediaPipe,COCO_17,17,0.5,0.5,10.57
SMP-INT-0019-528,ROI-INT-0019,INT-0019,528,17.618,4,MediaPipe,COCO_17,17,0.5,0.5,11.68
SMP-INT-0004-532,ROI-INT-0004,INT-0004,532,17.751,3,MediaPipe,COCO_17,17,0.5,0.5,10.95
SMP-INT-0019-532,ROI-INT-0019,INT-0019,532,17.751,4,MediaPipe,COCO_17,17,0.5,0.5,12.17
SMP-INT-0004-533,ROI-INT-0004,INT-0004,533,17.784,3,MediaPipe,COCO_17,17,0.5,0.5,16.12
SMP-INT-0019-533,ROI-INT-0019,INT-0019,533,17.784,4,MediaPipe,COCO_17,17,0.5,0.5,14.97
SMP-INT-0004-534,ROI-INT-0004,INT-0004,534,17.818,3,MediaPipe,COCO_17,17,0.5,0.5,11.32
SMP-INT-0019-534,ROI-INT-0019,INT-0019,534,17.818,4,MediaPipe,COCO_17,17,0.5,0.5,13.9
SMP-INT-0004-542,ROI-INT-0004,INT-0004,542,18.085,3,MediaPipe,COCO_17,17,0.5,0.5,12.15
SMP-INT-0019-542,ROI-INT-0019,INT-0019,542,18.085,4,MediaPipe,COCO_17,17,0.5,0.5,11.7
