roi_id,interaction_id,start_frame,end_frame,frame_count,duration_seconds,person_track_id,vehicle_track_id,interaction_confidence,is_accepted,rejection_reason,completeness,missing_pct,bounding_box_stability,track_continuity,frame_coverage,pattern_sequence
ROI-INT-0001,INT-0001,44,542,422,14.081,10003,10000,0.9,False,Completeness 0.01 < threshold 0.60; Missing pct 98.6% > threshold 40.0%,0.0142,98.58,0.9765,0.4526,0.8457,STOP_PATTERN -> CO_TRAVEL_PATTERN -> STOP_PATTERN -> CO_TRAVEL_PATTERN -> STOP_PATTERN
ROI-INT-0002,INT-0002,44,542,422,14.081,10002,10003,0.9,False,Completeness 0.02 < threshold 0.60; Missing pct 97.9% > threshold 40.0%,0.0213,97.87,0.8521,0.4834,0.8457,STOP_PATTERN -> CO_TRAVEL_PATTERN -> STOP_PATTERN -> CO_TRAVEL_PATTERN -> STOP_PATTERN
ROI-INT-0003,INT-0003,119,542,390,13.013,1,3,0.95,False,Completeness 0.16 < threshold 0.60; Missing pct 84.1% > threshold 40.0%,0.159,84.1,0.9768,0.1667,0.9198,STOP_PATTERN -> DIVERGENCE_PATTERN -> ESCAPE_PATTERN -> DIVERGENCE_PATTERN -> FOLLOW_PATTERN -> DIVERGENCE_PATTERN -> ESCAPE_PATTERN -> DIVERGENCE_PATTERN -> ESCAPE_PATTERN -> DIVERGENCE_PATTERN -> CO_TRAVEL_PATTERN -> DIVERGENCE_PATTERN -> ESCAPE_PATTERN -> DIVERGENCE_PATTERN -> CO_TRAVEL_PATTERN -> FOLLOW_PATTERN -> ESCAPE_PATTERN -> DIVERGENCE_PATTERN -> CO_TRAVEL_PATTERN -> DIVERGENCE_PATTERN -> CO_TRAVEL_PATTERN -> ESCAPE_PATTERN -> APPROACH_PATTERN -> DIVERGENCE_PATTERN -> FOLLOW_PATTERN -> DIVERGENCE_PATTERN -> ESCAPE_PATTERN -> DIVERGENCE_PATTERN -> FOLLOW_PATTERN -> DIVERGENCE_PATTERN -> CO_TRAVEL_PATTERN -> SEPARATION_PATTERN -> ESCAPE_PATTERN -> DIVERGENCE_PATTERN -> SEPARATION_PATTERN -> DIVERGENCE_PATTERN -> ESCAPE_PATTERN -> CO_TRAVEL_PATTERN -> SEPARATION_PATTERN -> DIVERGENCE_PATTERN -> ESCAPE_PATTERN -> DIVERGENCE_PATTERN
ROI-INT-0004,INT-0004,176,542,333,11.111,3,1,0.95,True,Accepted,0.7087,29.13,0.7799,0.7327,0.9074,PROXIMITY_PATTERN -> DIVERGENCE_PATTERN -> ESCAPE_PATTERN
ROI-INT-0005,INT-0005,311,542,218,7.274,10000,10001,0.95,False,Completeness 0.04 < threshold 0.60; Missing pct 96.3% > threshold 40.0%,0.0367,96.33,0.8107,0.1835,0.9397,PROXIMITY_PATTERN -> ESCAPE_PATTERN -> FOLLOW_PATTERN
ROI-INT-0006,INT-0006,340,542,190,6.34,10000,10002,0.95,False,Completeness 0.04 < threshold 0.60; Missing pct 96.3% > threshold 40.0%,0.0368,96.32,0.829,0.0632,0.936,PROXIMITY_PATTERN -> ESCAPE_PATTERN
ROI-INT-0007,INT-0007,340,542,190,6.34,10000,10003,0.954,False,Completeness 0.04 < threshold 0.60; Missing pct 96.3% > threshold 40.0%,0.0368,96.32,0.829,0.0632,0.936,PROXIMITY_PATTERN -> ESCAPE_PATTERN
ROI-INT-0008,INT-0008,340,542,190,6.34,10001,10002,0.972,False,Completeness 0.04 < threshold 0.60; Missing pct 96.3% > threshold 40.0%,0.0368,96.32,0.8817,0.0632,0.936,PROXIMITY_PATTERN -> ESCAPE_PATTERN
ROI-INT-0009,INT-0009,340,542,190,6.34,10001,10003,0.95,False,Completeness 0.04 < threshold 0.60; Missing pct 96.3% > threshold 40.0%,0.0368,96.32,0.8817,0.0632,0.936,PROXIMITY_PATTERN -> ESCAPE_PATTERN -> DIVERGENCE_PATTERN
ROI-INT-0010,INT-0010,340,542,190,6.34,10002,10003,0.95,False,Completeness 0.03 < threshold 0.60; Missing pct 96.8% > threshold 40.0%,0.0316,96.84,0.9521,0.0632,0.936,PROXIMITY_PATTERN -> ESCAPE_PATTERN
ROI-INT-0011,INT-0011,341,542,189,6.306,10000,10005,0.95,False,Completeness 0.03 < threshold 0.60; Missing pct 96.8% > threshold 40.0%,0.0317,96.83,0.8308,0.0582,0.9356,ESCAPE_PATTERN
ROI-INT-0012,INT-0012,341,542,189,6.306,10001,10005,0.95,False,Completeness 0.03 < threshold 0.60; Missing pct 96.8% > threshold 40.0%,0.0317,96.83,0.8892,0.0582,0.9356,ESCAPE_PATTERN
ROI-INT-0013,INT-0013,341,542,189,6.306,10002,10005,0.95,False,Completeness 0.03 < threshold 0.60; Missing pct 97.4% > threshold 40.0%,0.0265,97.35,0.9293,0.0582,0.9356,ESCAPE_PATTERN
ROI-INT-0014,INT-0014,344,542,187,6.24,10000,10004,0.95,False,Completeness 0.02 < threshold 0.60; Missing pct 97.9% > threshold 40.0%,0.0214,97.86,0.83,0.0481,0.9397,ESCAPE_PATTERN -> STOP_PATTERN
ROI-INT-0015,INT-0015,344,542,187,6.24,10001,10004,0.95,False,Completeness 0.02 < threshold 0.60; Missing pct 97.9% > threshold 40.0%,0.0214,97.86,0.9312,0.0481,0.9397,ESCAPE_PATTERN -> STOP_PATTERN
ROI-INT-0016,INT-0016,344,542,187,6.24,10002,10004,0.95,False,Completeness 0.02 < threshold 0.60; Missing pct 98.4% > threshold 40.0%,0.016,98.4,0.9835,0.0481,0.9397,ESCAPE_PATTERN -> STOP_PATTERN
ROI-INT-0017,INT-0017,344,542,187,6.24,10003,10004,0.95,False,Completeness 0.01 < threshold 0.60; Missing pct 98.9% > threshold 40.0%,0.0107,98.93,1.0,0.0428,0.9397,ESCAPE_PATTERN -> STOP_PATTERN
ROI-INT-0018,INT-0018,374,542,159,5.305,3,4,0.95,False,Completeness 0.43 < threshold 0.60; Missing pct 57.2% > threshold 40.0%,0.4277,57.23,0.8881,0.4403,0.9408,ESCAPE_PATTERN -> DIVERGENCE_PATTERN -> FOLLOW_PATTERN -> DIVERGENCE_PATTERN -> CO_TRAVEL_PATTERN -> FOLLOW_PATTERN -> DIVERGENCE_PATTERN -> FOLLOW_PATTERN -> CO_TRAVEL_PATTERN -> DIVERGENCE_PATTERN -> CO_TRAVEL_PATTERN -> FOLLOW_PATTERN -> DIVERGENCE_PATTERN -> ESCAPE_PATTERN -> FOLLOW_PATTERN -> DIVERGENCE_PATTERN -> FOLLOW_PATTERN -> CO_TRAVEL_PATTERN -> FOLLOW_PATTERN -> ESCAPE_PATTERN -> DIVERGENCE_PATTERN -> ESCAPE_PATTERN
ROI-INT-0019,INT-0019,451,542,82,2.736,4,6,0.95,True,Accepted,0.8049,19.51,0.7518,0.8293,0.8913,PROXIMITY_PATTERN -> ESCAPE_PATTERN
ROI-INT-0020,INT-0020,460,542,73,2.436,4,7,0.95,True,Accepted,0.7808,21.92,0.7832,0.8082,0.8795,CO_TRAVEL_PATTERN -> DIVERGENCE_PATTERN -> ESCAPE_PATTERN -> DIVERGENCE_PATTERN -> SEPARATION_PATTERN -> FOLLOW_PATTERN -> DIVERGENCE_PATTERN -> ESCAPE_PATTERN -> FOLLOW_PATTERN -> DIVERGENCE_PATTERN -> FOLLOW_PATTERN -> ESCAPE_PATTERN
ROI-INT-0021,INT-0021,505,542,28,0.934,7,4,0.95,True,Accepted,0.9286,7.14,0.9062,0.9643,0.7368,PROXIMITY_PATTERN -> ESCAPE_PATTERN
ROI-INT-0022,INT-0022,526,542,7,0.234,10000,10001,0.667,False,Completeness 0.29 < threshold 0.60; Missing pct 71.4% > threshold 40.0%; Coverage 0.41 < threshold 0.50,0.2857,71.43,0.7385,0.2857,0.4118,PROXIMITY_PATTERN
ROI-INT-0023,INT-0023,526,542,7,0.234,10000,10002,0.8902,False,Completeness 0.29 < threshold 0.60; Missing pct 71.4% > threshold 40.0%; Coverage 0.41 < threshold 0.50,0.2857,71.43,0.7385,0.2857,0.4118,PROXIMITY_PATTERN
ROI-INT-0024,INT-0024,526,542,7,0.234,10000,10003,0.8699,False,Completeness 0.29 < threshold 0.60; Missing pct 71.4% > threshold 40.0%; Coverage 0.41 < threshold 0.50,0.2857,71.43,0.7385,0.2857,0.4118,PROXIMITY_PATTERN
ROI-INT-0025,INT-0025,526,542,7,0.234,10001,10002,0.652,False,Completeness 0.29 < threshold 0.60; Missing pct 71.4% > threshold 40.0%; Coverage 0.41 < threshold 0.50,0.2857,71.43,0.6813,0.2857,0.4118,PROXIMITY_PATTERN
ROI-INT-0026,INT-0026,526,542,7,0.234,10002,10003,0.9645,False,Completeness 0.14 < threshold 0.60; Missing pct 85.7% > threshold 40.0%; Coverage 0.41 < threshold 0.50,0.1429,85.71,1.0,0.1429,0.4118,PROXIMITY_PATTERN
